{"type": "FeatureCollection", "features": [{"type": "Feature", "properties": {"name": "旧金山", "nameEn": "San Francisco", "country": "美国", "level": "city"}, "geometry": {"type": "MultiPolygon", "coordinates": [[[[-122.388, 37.748], [-122.388, 37.748], [-122.388, 37.748], [-122.388, 37.748], [-122.389, 37.748], [-122.389, 37.748], [-122.389, 37.748], [-122.389, 37.748], [-122.389, 37.748], [-122.389, 37.748], [-122.389, 37.748], [-122.389, 37.748], [-122.389, 37.748], [-122.389, 37.748], [-122.389, 37.748], [-122.389, 37.748], [-122.389, 37.748], [-122.389, 37.748], [-122.389, 37.748], [-122.39, 37.748], [-122.39, 37.748], [-122.39, 37.748], [-122.39, 37.748], [-122.39, 37.748], [-122.39, 37.748], [-122.39, 37.748], [-122.39, 37.748], [-122.39, 37.748], [-122.39, 37.748], [-122.391, 37.748], [-122.391, 37.748], [-122.391, 37.748], [-122.391, 37.748], [-122.391, 37.748], [-122.391, 37.748], [-122.391, 37.748], [-122.391, 37.748], [-122.391, 37.748], [-122.391, 37.748], [-122.391, 37.748], [-122.391, 37.748], [-122.391, 37.748], [-122.391, 37.748], [-122.391, 37.748], [-122.391, 37.748], [-122.392, 37.748], [-122.392, 37.748], [-122.392, 37.748], [-122.392, 37.748], [-122.392, 37.748], [-122.392, 37.748], [-122.392, 37.748], [-122.392, 37.748], [-122.392, 37.748], [-122.392, 37.748], [-122.392, 37.748], [-122.392, 37.748], [-122.393, 37.748], [-122.393, 37.748], [-122.393, 37.748], [-122.393, 37.748], [-122.393, 37.748], [-122.393, 37.748], [-122.393, 37.748], [-122.393, 37.748], [-122.393, 37.748], [-122.393, 37.748], [-122.393, 37.748], [-122.393, 37.748], [-122.393, 37.748], [-122.393, 37.747], [-122.393, 37.748], [-122.393, 37.747], [-122.393, 37.747], [-122.393, 37.747], [-122.392, 37.747], [-122.392, 37.747], [-122.392, 37.747], [-122.391, 37.747], [-122.392, 37.747], [-122.391, 37.747], [-122.391, 37.747], [-122.391, 37.747], [-122.391, 37.747], [-122.391, 37.747], [-122.389, 37.747], [-122.389, 37.747], [-122.389, 37.747], [-122.389, 37.747], [-122.388, 37.747], [-122.388, 37.747], [-122.388, 37.747], [-122.388, 37.747], [-122.388, 37.747], [-122.388, 37.747], [-122.388, 37.747], [-122.388, 37.747], [-122.388, 37.747], [-122.387, 37.747], [-122.387, 37.747], [-122.387, 37.747], [-122.386, 37.747], [-122.383, 37.747], [-122.382, 37.747], [-122.38, 37.747], [-122.379, 37.747], [-122.379, 37.747], [-122.379, 37.747], [-122.379, 37.747], [-122.379, 37.747], [-122.379, 37.747], [-122.379, 37.747], [-122.379, 37.747], [-122.379, 37.747], [-122.379, 37.747], [-122.379, 37.747], [-122.379, 37.747], [-122.378, 37.747], [-122.378, 37.747], [-122.378, 37.747], [-122.377, 37.747], [-122.377, 37.747], [-122.377, 37.747], [-122.376, 37.747], [-122.376, 37.747], [-122.376, 37.747], [-122.376, 37.747], [-122.376, 37.747], [-122.376, 37.747], [-122.376, 37.747], [-122.376, 37.747], [-122.376, 37.747], [-122.376, 37.747], [-122.376, 37.747], [-122.376, 37.747], [-122.376, 37.747], [-122.375, 37.747], [-122.375, 37.747], [-122.375, 37.747], [-122.375, 37.747], [-122.375, 37.747], [-122.375, 37.747], [-122.375, 37.747], [-122.375, 37.747], [-122.375, 37.747], [-122.375, 37.747], [-122.375, 37.747], [-122.375, 37.747], [-122.375, 37.747], [-122.375, 37.747], [-122.375, 37.747], [-122.375, 37.747], [-122.375, 37.747], [-122.375, 37.747], [-122.375, 37.747], [-122.375, 37.747], [-122.375, 37.746], [-122.375, 37.746], [-122.375, 37.746], [-122.375, 37.746], [-122.375, 37.746], [-122.375, 37.746], [-122.375, 37.746], [-122.375, 37.746], [-122.375, 37.746], [-122.374, 37.745], [-122.374, 37.745], [-122.374, 37.745], [-122.374, 37.745], [-122.374, 37.745], [-122.374, 37.745], [-122.374, 37.745], [-122.374, 37.745], [-122.373, 37.745], [-122.373, 37.745], [-122.373, 37.745], [-122.373, 37.745], [-122.373, 37.745], [-122.373, 37.745], [-122.373, 37.745], [-122.373, 37.745], [-122.373, 37.745], [-122.373, 37.745], [-122.373, 37.745], [-122.373, 37.745], [-122.368, 37.74], [-122.368, 37.74], [-122.371, 37.74], [-122.373, 37.74], [-122.373, 37.74], [-122.374, 37.74], [-122.374, 37.74], [-122.374, 37.74], [-122.374, 37.74], [-122.374, 37.74], [-122.374, 37.74], [-122.374, 37.74], [-122.374, 37.74], [-122.374, 37.74], [-122.374, 37.74], [-122.374, 37.739], [-122.374, 37.739], [-122.374, 37.739], [-122.374, 37.739], [-122.374, 37.739], [-122.374, 37.739], [-122.374, 37.739], [-122.374, 37.739], [-122.374, 37.739], [-122.374, 37.739], [-122.374, 37.739], [-122.374, 37.739], [-122.374, 37.739], [-122.374, 37.739], [-122.374, 37.739], [-122.374, 37.739], [-122.374, 37.739], [-122.374, 37.739], [-122.374, 37.739], [-122.374, 37.739], [-122.374, 37.739], [-122.374, 37.739], [-122.374, 37.739], [-122.374, 37.739], [-122.374, 37.739], [-122.374, 37.739], [-122.374, 37.739], [-122.373, 37.739], [-122.373, 37.739], [-122.373, 37.739], [-122.373, 37.739], [-122.373, 37.739], [-122.373, 37.739], [-122.373, 37.739], [-122.373, 37.739], [-122.373, 37.738], [-122.373, 37.738], [-122.373, 37.738], [-122.373, 37.738], [-122.373, 37.738], [-122.373, 37.738], [-122.373, 37.738], [-122.373, 37.738], [-122.373, 37.738], [-122.373, 37.738], [-122.373, 37.738], [-122.373, 37.738], [-122.373, 37.738], [-122.373, 37.738], [-122.373, 37.738], [-122.373, 37.738], [-122.372, 37.738], [-122.372, 37.738], [-122.371, 37.738], [-122.371, 37.738], [-122.371, 37.738], [-122.371, 37.738], [-122.371, 37.738], [-122.371, 37.738], [-122.371, 37.738], [-122.371, 37.738], [-122.371, 37.738], [-122.371, 37.738], [-122.37, 37.738], [-122.37, 37.738], [-122.37, 37.738], [-122.37, 37.738], [-122.37, 37.738], [-122.37, 37.738], [-122.37, 37.738], [-122.37, 37.738], [-122.369, 37.738], [-122.369, 37.738], [-122.369, 37.738], [-122.369, 37.738], [-122.369, 37.738], [-122.369, 37.738], [-122.369, 37.738], [-122.369, 37.738], [-122.368, 37.738], [-122.368, 37.738], [-122.368, 37.738], [-122.368, 37.738], [-122.368, 37.738], [-122.367, 37.738], [-122.367, 37.738], [-122.367, 37.738], [-122.367, 37.738], [-122.367, 37.738], [-122.368, 37.738], [-122.368, 37.738], [-122.368, 37.738], [-122.368, 37.738], [-122.368, 37.738], [-122.368, 37.738], [-122.368, 37.738], [-122.368, 37.738], [-122.368, 37.738], [-122.368, 37.738], [-122.369, 37.738], [-122.369, 37.738], [-122.369, 37.738], [-122.369, 37.738], [-122.369, 37.738], [-122.369, 37.738], [-122.369, 37.738], [-122.369, 37.738], [-122.369, 37.738], [-122.369, 37.738], [-122.369, 37.738], [-122.369, 37.738], [-122.369, 37.738], [-122.369, 37.738], [-122.369, 37.738], [-122.369, 37.738], [-122.369, 37.738], [-122.37, 37.738], [-122.37, 37.738], [-122.37, 37.738], [-122.37, 37.738], [-122.37, 37.738], [-122.37, 37.738], [-122.37, 37.738], [-122.37, 37.738], [-122.37, 37.738], [-122.37, 37.738], [-122.37, 37.738], [-122.37, 37.737], [-122.37, 37.737], [-122.37, 37.737], [-122.37, 37.737], [-122.37, 37.737], [-122.37, 37.737], [-122.37, 37.737], [-122.37, 37.737], [-122.37, 37.737], [-122.37, 37.737], [-122.37, 37.737], [-122.371, 37.737], [-122.371, 37.737], [-122.371, 37.737], [-122.371, 37.737], [-122.371, 37.737], [-122.371, 37.737], [-122.371, 37.737], [-122.371, 37.737], [-122.371, 37.737], [-122.371, 37.737], [-122.371, 37.737], [-122.371, 37.737], [-122.371, 37.737], [-122.371, 37.737], [-122.371, 37.737], [-122.371, 37.737], [-122.371, 37.737], [-122.371, 37.737], [-122.371, 37.737], [-122.371, 37.737], [-122.371, 37.737], [-122.371, 37.737], [-122.371, 37.737], [-122.371, 37.737], [-122.371, 37.737], [-122.372, 37.737], [-122.372, 37.737], [-122.372, 37.737], [-122.372, 37.737], [-122.372, 37.737], [-122.372, 37.737], [-122.372, 37.737], [-122.372, 37.737], [-122.372, 37.737], [-122.372, 37.737], [-122.372, 37.737], [-122.372, 37.737], [-122.372, 37.737], [-122.372, 37.737], [-122.372, 37.737], [-122.372, 37.737], [-122.372, 37.737], [-122.373, 37.737], [-122.373, 37.737], [-122.373, 37.737], [-122.373, 37.737], [-122.373, 37.737], [-122.373, 37.737], [-122.373, 37.737], [-122.373, 37.737], [-122.373, 37.737], [-122.373, 37.737], [-122.373, 37.737], [-122.373, 37.737], [-122.373, 37.737], [-122.373, 37.737], [-122.373, 37.737], [-122.373, 37.737], [-122.373, 37.737], [-122.373, 37.737], [-122.374, 37.737], [-122.374, 37.737], [-122.374, 37.737], [-122.374, 37.737], [-122.374, 37.738], [-122.374, 37.738], [-122.374, 37.738], [-122.374, 37.738], [-122.374, 37.738], [-122.375, 37.738], [-122.375, 37.738], [-122.375, 37.738], [-122.375, 37.738], [-122.375, 37.738], [-122.375, 37.738], [-122.375, 37.738], [-122.375, 37.738], [-122.375, 37.738], [-122.376, 37.738], [-122.376, 37.738], [-122.376, 37.738], [-122.376, 37.738], [-122.376, 37.738], [-122.376, 37.739], [-122.376, 37.739], [-122.376, 37.739], [-122.376, 37.739], [-122.376, 37.739], [-122.376, 37.739], [-122.376, 37.738], [-122.376, 37.738], [-122.376, 37.738], [-122.376, 37.738], [-122.376, 37.738], [-122.376, 37.738], [-122.376, 37.738], [-122.376, 37.738], [-122.376, 37.738], [-122.376, 37.738], [-122.376, 37.738], [-122.376, 37.738], [-122.376, 37.738], [-122.376, 37.738], [-122.376, 37.738], [-122.376, 37.738], [-122.376, 37.738], [-122.376, 37.738], [-122.376, 37.738], [-122.376, 37.738], [-122.375, 37.738], [-122.375, 37.738], [-122.375, 37.738], [-122.375, 37.738], [-122.375, 37.738], [-122.375, 37.738], [-122.375, 37.738], [-122.375, 37.738], [-122.375, 37.738], [-122.375, 37.738], [-122.375, 37.738], [-122.375, 37.738], [-122.375, 37.738], [-122.375, 37.738], [-122.375, 37.738], [-122.375, 37.737], [-122.375, 37.737], [-122.375, 37.737], [-122.375, 37.737], [-122.375, 37.737], [-122.375, 37.737], [-122.375, 37.737], [-122.375, 37.737], [-122.375, 37.737], [-122.375, 37.737], [-122.375, 37.737], [-122.375, 37.737], [-122.375, 37.737], [-122.375, 37.737], [-122.375, 37.737], [-122.375, 37.737], [-122.375, 37.737], [-122.375, 37.737], [-122.375, 37.737], [-122.375, 37.737], [-122.375, 37.737], [-122.375, 37.737], [-122.375, 37.737], [-122.375, 37.737], [-122.375, 37.737], [-122.375, 37.736], [-122.375, 37.736], [-122.375, 37.736], [-122.375, 37.736], [-122.376, 37.736], [-122.376, 37.736], [-122.376, 37.736], [-122.376, 37.736], [-122.376, 37.736], [-122.376, 37.736], [-122.376, 37.736], [-122.376, 37.736], [-122.376, 37.736], [-122.376, 37.735], [-122.376, 37.735], [-122.376, 37.735], [-122.376, 37.735], [-122.376, 37.735], [-122.376, 37.735], [-122.376, 37.735], [-122.376, 37.735], [-122.376, 37.735], [-122.375, 37.735], [-122.375, 37.735], [-122.375, 37.735], [-122.375, 37.735], [-122.375, 37.735], [-122.375, 37.735], [-122.375, 37.735], [-122.375, 37.735], [-122.375, 37.735], [-122.375, 37.735], [-122.375, 37.735], [-122.375, 37.735], [-122.375, 37.735], [-122.375, 37.735], [-122.375, 37.734], [-122.375, 37.734], [-122.375, 37.734], [-122.375, 37.734], [-122.375, 37.734], [-122.375, 37.734], [-122.375, 37.734], [-122.375, 37.734], [-122.375, 37.734], [-122.375, 37.734], [-122.375, 37.734], [-122.375, 37.734], [-122.375, 37.734], [-122.375, 37.734], [-122.375, 37.733], [-122.375, 37.733], [-122.376, 37.733], [-122.376, 37.733], [-122.376, 37.733], [-122.376, 37.733], [-122.376, 37.733], [-122.376, 37.733], [-122.375, 37.733], [-122.375, 37.733], [-122.375, 37.733], [-122.375, 37.733], [-122.375, 37.733], [-122.375, 37.733], [-122.374, 37.733], [-122.374, 37.733], [-122.374, 37.733], [-122.374, 37.733], [-122.374, 37.733], [-122.374, 37.733], [-122.374, 37.733], [-122.374, 37.733], [-122.374, 37.733], [-122.374, 37.733], [-122.374, 37.733], [-122.374, 37.733], [-122.374, 37.733], [-122.373, 37.733], [-122.373, 37.733], [-122.373, 37.733], [-122.373, 37.733], [-122.373, 37.733], [-122.373, 37.733], [-122.373, 37.733], [-122.373, 37.733], [-122.373, 37.734], [-122.373, 37.734], [-122.373, 37.734], [-122.373, 37.734], [-122.372, 37.734], [-122.372, 37.734], [-122.372, 37.734], [-122.372, 37.734], [-122.372, 37.734], [-122.372, 37.734], [-122.372, 37.734], [-122.372, 37.734], [-122.372, 37.734], [-122.371, 37.734], [-122.371, 37.734], [-122.371, 37.734], [-122.371, 37.734], [-122.371, 37.734], [-122.371, 37.733], [-122.371, 37.733], [-122.371, 37.733], [-122.371, 37.733], [-122.371, 37.733], [-122.371, 37.733], [-122.371, 37.733], [-122.371, 37.733], [-122.37, 37.733], [-122.37, 37.733], [-122.37, 37.733], [-122.37, 37.733], [-122.37, 37.733], [-122.37, 37.733], [-122.37, 37.732], [-122.37, 37.732], [-122.37, 37.732], [-122.369, 37.732], [-122.369, 37.732], [-122.369, 37.732], [-122.369, 37.732], [-122.369, 37.732], [-122.369, 37.732], [-122.369, 37.732], [-122.369, 37.732], [-122.369, 37.732], [-122.369, 37.732], [-122.369, 37.732], [-122.369, 37.732], [-122.369, 37.732], [-122.369, 37.732], [-122.369, 37.732], [-122.369, 37.732], [-122.369, 37.732], [-122.369, 37.732], [-122.369, 37.732], [-122.369, 37.732], [-122.369, 37.732], [-122.369, 37.732], [-122.369, 37.732], [-122.369, 37.732], [-122.369, 37.732], [-122.368, 37.732], [-122.368, 37.732], [-122.368, 37.732], [-122.368, 37.732], [-122.368, 37.732], [-122.368, 37.732], [-122.368, 37.732], [-122.368, 37.732], [-122.368, 37.732], [-122.368, 37.732], [-122.368, 37.732], [-122.368, 37.732], [-122.368, 37.732], [-122.368, 37.732], [-122.368, 37.732], [-122.368, 37.732], [-122.368, 37.732], [-122.368, 37.732], [-122.368, 37.732], [-122.368, 37.732], [-122.368, 37.732], [-122.367, 37.732], [-122.367, 37.732], [-122.367, 37.732], [-122.367, 37.732], [-122.367, 37.732], [-122.367, 37.732], [-122.367, 37.732], [-122.367, 37.732], [-122.367, 37.732], [-122.367, 37.732], [-122.367, 37.732], [-122.367, 37.732], [-122.367, 37.732], [-122.367, 37.732], [-122.367, 37.732], [-122.367, 37.732], [-122.367, 37.732], [-122.366, 37.733], [-122.365, 37.734], [-122.365, 37.734], [-122.365, 37.734], [-122.365, 37.734], [-122.367, 37.732], [-122.366, 37.732], [-122.365, 37.733], [-122.365, 37.733], [-122.366, 37.732], [-122.366, 37.732], [-122.365, 37.733], [-122.365, 37.733], [-122.366, 37.732], [-122.365, 37.733], [-122.365, 37.732], [-122.363, 37.732], [-122.363, 37.732], [-122.363, 37.731], [-122.362, 37.731], [-122.363, 37.731], [-122.362, 37.73], [-122.362, 37.73], [-122.362, 37.73], [-122.362, 37.73], [-122.362, 37.73], [-122.362, 37.73], [-122.362, 37.73], [-122.362, 37.73], [-122.362, 37.73], [-122.361, 37.73], [-122.361, 37.73], [-122.361, 37.73], [-122.361, 37.73], [-122.361, 37.73], [-122.361, 37.73], [-122.361, 37.73], [-122.361, 37.73], [-122.361, 37.73], [-122.361, 37.73], [-122.361, 37.73], [-122.361, 37.73], [-122.361, 37.73], [-122.361, 37.73], [-122.361, 37.73], [-122.361, 37.73], [-122.361, 37.73], [-122.361, 37.73], [-122.361, 37.73], [-122.361, 37.73], [-122.361, 37.73], [-122.361, 37.73], [-122.36, 37.73], [-122.36, 37.73], [-122.36, 37.73], [-122.36, 37.73], [-122.36, 37.73], [-122.36, 37.73], [-122.36, 37.73], [-122.359, 37.73], [-122.359, 37.73], [-122.359, 37.73], [-122.362, 37.729], [-122.362, 37.729], [-122.362, 37.729], [-122.362, 37.729], [-122.362, 37.729], [-122.362, 37.729], [-122.362, 37.729], [-122.362, 37.729], [-122.362, 37.729], [-122.362, 37.729], [-122.362, 37.729], [-122.362, 37.728], [-122.362, 37.728], [-122.362, 37.728], [-122.362, 37.728], [-122.362, 37.728], [-122.362, 37.728], [-122.362, 37.728], [-122.362, 37.728], [-122.362, 37.728], [-122.361, 37.728], [-122.359, 37.729], [-122.358, 37.729], [-122.36, 37.728], [-122.36, 37.728], [-122.36, 37.728], [-122.36, 37.728], [-122.36, 37.728], [-122.36, 37.728], [-122.36, 37.728], [-122.36, 37.728], [-122.36, 37.728], [-122.36, 37.728], [-122.36, 37.728], [-122.36, 37.728], [-122.36, 37.728], [-122.36, 37.728], [-122.36, 37.728], [-122.36, 37.728], [-122.36, 37.728], [-122.36, 37.728], [-122.36, 37.728], [-122.357, 37.729], [-122.357, 37.729], [-122.358, 37.726], [-122.361, 37.724], [-122.358, 37.725], [-122.362, 37.724], [-122.364, 37.725], [-122.365, 37.726], [-122.365, 37.726], [-122.365, 37.726], [-122.365, 37.726], [-122.365, 37.726], [-122.365, 37.726], [-122.365, 37.726], [-122.365, 37.726], [-122.365, 37.726], [-122.365, 37.726], [-122.365, 37.725], [-122.365, 37.725], [-122.365, 37.725], [-122.365, 37.725], [-122.365, 37.725], [-122.362, 37.724], [-122.36, 37.722], [-122.363, 37.723], [-122.359, 37.719], [-122.359, 37.719], [-122.359, 37.719], [-122.359, 37.719], [-122.359, 37.719], [-122.36, 37.718], [-122.36, 37.718], [-122.36, 37.718], [-122.36, 37.718], [-122.36, 37.718], [-122.363, 37.72], [-122.363, 37.72], [-122.363, 37.72], [-122.363, 37.72], [-122.363, 37.72], [-122.363, 37.72], [-122.363, 37.718], [-122.362, 37.718], [-122.362, 37.718], [-122.362, 37.718], [-122.362, 37.718], [-122.362, 37.718], [-122.362, 37.718], [-122.359, 37.716], [-122.363, 37.718], [-122.364, 37.717], [-122.36, 37.714], [-122.364, 37.716], [-122.364, 37.716], [-122.364, 37.716], [-122.364, 37.716], [-122.365, 37.715], [-122.365, 37.715], [-122.365, 37.715], [-122.365, 37.715], [-122.364, 37.715], [-122.364, 37.715], [-122.363, 37.714], [-122.363, 37.714], [-122.363, 37.714], [-122.363, 37.714], [-122.362, 37.713], [-122.362, 37.713], [-122.361, 37.713], [-122.361, 37.713], [-122.361, 37.713], [-122.361, 37.713], [-122.362, 37.713], [-122.362, 37.713], [-122.363, 37.714], [-122.363, 37.714], [-122.363, 37.714], [-122.363, 37.714], [-122.364, 37.714], [-122.364, 37.715], [-122.365, 37.715], [-122.365, 37.715], [-122.364, 37.716], [-122.364, 37.716], [-122.365, 37.716], [-122.365, 37.716], [-122.365, 37.716], [-122.365, 37.716], [-122.365, 37.717], [-122.365, 37.717], [-122.365, 37.717], [-122.365, 37.717], [-122.365, 37.716], [-122.365, 37.716], [-122.365, 37.716], [-122.365, 37.716], [-122.365, 37.716], [-122.365, 37.716], [-122.365, 37.716], [-122.365, 37.716], [-122.365, 37.716], [-122.365, 37.716], [-122.365, 37.716], [-122.365, 37.716], [-122.365, 37.716], [-122.365, 37.716], [-122.365, 37.716], [-122.365, 37.716], [-122.365, 37.716], [-122.365, 37.716], [-122.365, 37.716], [-122.365, 37.716], [-122.366, 37.716], [-122.366, 37.716], [-122.366, 37.716], [-122.366, 37.716], [-122.366, 37.716], [-122.366, 37.716], [-122.366, 37.716], [-122.366, 37.717], [-122.366, 37.717], [-122.366, 37.717], [-122.366, 37.717], [-122.366, 37.717], [-122.366, 37.717], [-122.366, 37.717], [-122.366, 37.717], [-122.366, 37.717], [-122.366, 37.717], [-122.366, 37.717], [-122.366, 37.717], [-122.366, 37.717], [-122.366, 37.717], [-122.366, 37.717], [-122.367, 37.717], [-122.367, 37.717], [-122.367, 37.717], [-122.368, 37.718], [-122.368, 37.718], [-122.368, 37.718], [-122.368, 37.718], [-122.368, 37.718], [-122.368, 37.718], [-122.368, 37.718], [-122.368, 37.718], [-122.368, 37.718], [-122.368, 37.718], [-122.369, 37.718], [-122.369, 37.718], [-122.369, 37.718], [-122.369, 37.718], [-122.369, 37.718], [-122.369, 37.718], [-122.369, 37.718], [-122.369, 37.718], [-122.369, 37.718], [-122.369, 37.718], [-122.369, 37.718], [-122.369, 37.718], [-122.369, 37.718], [-122.369, 37.718], [-122.37, 37.718], [-122.37, 37.718], [-122.37, 37.718], [-122.37, 37.718], [-122.37, 37.718], [-122.37, 37.718], [-122.37, 37.718], [-122.37, 37.718], [-122.37, 37.718], [-122.37, 37.718], [-122.37, 37.718], [-122.37, 37.718], [-122.37, 37.718], [-122.37, 37.718], [-122.37, 37.718], [-122.37, 37.718], [-122.37, 37.718], [-122.37, 37.718], [-122.37, 37.718], [-122.37, 37.718], [-122.37, 37.718], [-122.37, 37.718], [-122.37, 37.719], [-122.37, 37.719], [-122.37, 37.719], [-122.37, 37.719], [-122.37, 37.719], [-122.37, 37.719], [-122.371, 37.719], [-122.371, 37.719], [-122.371, 37.719], [-122.371, 37.719], [-122.371, 37.719], [-122.371, 37.719], [-122.371, 37.719], [-122.371, 37.719], [-122.371, 37.719], [-122.371, 37.719], [-122.371, 37.719], [-122.371, 37.719], [-122.371, 37.719], [-122.371, 37.719], [-122.371, 37.719], [-122.371, 37.719], [-122.371, 37.719], [-122.371, 37.719], [-122.371, 37.719], [-122.371, 37.719], [-122.371, 37.719], [-122.372, 37.719], [-122.372, 37.719], [-122.372, 37.719], [-122.372, 37.719], [-122.372, 37.719], [-122.372, 37.719], [-122.372, 37.719], [-122.372, 37.719], [-122.372, 37.719], [-122.372, 37.719], [-122.372, 37.719], [-122.372, 37.719], [-122.372, 37.719], [-122.372, 37.719], [-122.372, 37.719], [-122.372, 37.719], [-122.372, 37.719], [-122.372, 37.719], [-122.373, 37.719], [-122.373, 37.719], [-122.373, 37.719], [-122.373, 37.719], [-122.373, 37.719], [-122.373, 37.719], [-122.373, 37.719], [-122.373, 37.719], [-122.373, 37.719], [-122.373, 37.719], [-122.373, 37.719], [-122.373, 37.719], [-122.373, 37.719], [-122.373, 37.719], [-122.374, 37.719], [-122.374, 37.719], [-122.374, 37.719], [-122.374, 37.719], [-122.374, 37.719], [-122.374, 37.719], [-122.374, 37.719], [-122.374, 37.719], [-122.374, 37.719], [-122.374, 37.719], [-122.374, 37.719], [-122.374, 37.719], [-122.374, 37.719], [-122.374, 37.719], [-122.374, 37.719], [-122.374, 37.719], [-122.374, 37.719], [-122.374, 37.719], [-122.374, 37.719], [-122.374, 37.719], [-122.374, 37.719], [-122.374, 37.719], [-122.374, 37.719], [-122.374, 37.719], [-122.374, 37.719], [-122.374, 37.719], [-122.374, 37.72], [-122.374, 37.72], [-122.374, 37.72], [-122.374, 37.72], [-122.374, 37.72], [-122.374, 37.72], [-122.375, 37.72], [-122.375, 37.72], [-122.375, 37.72], [-122.375, 37.72], [-122.375, 37.72], [-122.375, 37.72], [-122.375, 37.72], [-122.375, 37.72], [-122.375, 37.72], [-122.375, 37.72], [-122.375, 37.72], [-122.375, 37.72], [-122.375, 37.72], [-122.375, 37.72], [-122.375, 37.72], [-122.375, 37.72], [-122.375, 37.72], [-122.375, 37.72], [-122.375, 37.72], [-122.375, 37.72], [-122.375, 37.72], [-122.375, 37.72], [-122.375, 37.72], [-122.375, 37.72], [-122.375, 37.72], [-122.376, 37.72], [-122.376, 37.72], [-122.376, 37.72], [-122.376, 37.721], [-122.376, 37.721], [-122.376, 37.721], [-122.376, 37.721], [-122.376, 37.721], [-122.376, 37.721], [-122.376, 37.721], [-122.376, 37.721], [-122.376, 37.721], [-122.376, 37.721], [-122.376, 37.721], [-122.376, 37.721], [-122.376, 37.721], [-122.376, 37.722], [-122.376, 37.722], [-122.376, 37.722], [-122.376, 37.722], [-122.376, 37.722], [-122.376, 37.722], [-122.376, 37.722], [-122.376, 37.722], [-122.376, 37.722], [-122.376, 37.722], [-122.376, 37.722], [-122.376, 37.722], [-122.376, 37.722], [-122.376, 37.722], [-122.376, 37.722], [-122.376, 37.722], [-122.376, 37.722], [-122.376, 37.722], [-122.376, 37.722], [-122.376, 37.722], [-122.376, 37.722], [-122.376, 37.722], [-122.376, 37.722], [-122.376, 37.723], [-122.376, 37.723], [-122.376, 37.723], [-122.376, 37.723], [-122.376, 37.723], [-122.376, 37.723], [-122.376, 37.723], [-122.376, 37.723], [-122.376, 37.723], [-122.376, 37.723], [-122.376, 37.723], [-122.376, 37.723], [-122.376, 37.723], [-122.376, 37.723], [-122.376, 37.723], [-122.376, 37.723], [-122.376, 37.723], [-122.376, 37.723], [-122.376, 37.723], [-122.376, 37.723], [-122.376, 37.723], [-122.376, 37.723], [-122.376, 37.723], [-122.376, 37.723], [-122.376, 37.723], [-122.376, 37.723], [-122.377, 37.723], [-122.377, 37.723], [-122.377, 37.723], [-122.377, 37.723], [-122.377, 37.724], [-122.377, 37.724], [-122.377, 37.724], [-122.377, 37.724], [-122.377, 37.724], [-122.377, 37.724], [-122.377, 37.724], [-122.377, 37.724], [-122.377, 37.724], [-122.377, 37.724], [-122.377, 37.724], [-122.377, 37.724], [-122.377, 37.724], [-122.378, 37.724], [-122.378, 37.724], [-122.378, 37.724], [-122.378, 37.724], [-122.378, 37.724], [-122.378, 37.724], [-122.378, 37.724], [-122.378, 37.724], [-122.378, 37.724], [-122.378, 37.724], [-122.378, 37.724], [-122.378, 37.724], [-122.378, 37.724], [-122.379, 37.724], [-122.379, 37.724], [-122.379, 37.724], [-122.379, 37.724], [-122.379, 37.724], [-122.379, 37.724], [-122.379, 37.724], [-122.379, 37.724], [-122.379, 37.724], [-122.379, 37.724], [-122.379, 37.724], [-122.379, 37.724], [-122.379, 37.724], [-122.379, 37.724], [-122.379, 37.724], [-122.379, 37.724], [-122.379, 37.724], [-122.379, 37.724], [-122.379, 37.723], [-122.379, 37.723], [-122.379, 37.723], [-122.379, 37.723], [-122.379, 37.723], [-122.379, 37.723], [-122.379, 37.723], [-122.379, 37.723], [-122.379, 37.723], [-122.379, 37.723], [-122.379, 37.723], [-122.379, 37.723], [-122.379, 37.723], [-122.379, 37.723], [-122.379, 37.723], [-122.38, 37.723], [-122.38, 37.723], [-122.38, 37.723], [-122.38, 37.723], [-122.38, 37.723], [-122.38, 37.723], [-122.38, 37.723], [-122.38, 37.722], [-122.38, 37.722], [-122.38, 37.722], [-122.38, 37.722], [-122.38, 37.722], [-122.38, 37.722], [-122.38, 37.722], [-122.38, 37.722], [-122.38, 37.722], [-122.38, 37.722], [-122.38, 37.722], [-122.38, 37.722], [-122.38, 37.722], [-122.38, 37.722], [-122.38, 37.722], [-122.38, 37.722], [-122.38, 37.722], [-122.381, 37.722], [-122.381, 37.722], [-122.381, 37.722], [-122.381, 37.722], [-122.381, 37.722], [-122.381, 37.722], [-122.381, 37.722], [-122.381, 37.722], [-122.382, 37.722], [-122.382, 37.722], [-122.382, 37.722], [-122.382, 37.722], [-122.382, 37.722], [-122.382, 37.722], [-122.382, 37.722], [-122.382, 37.722], [-122.382, 37.722], [-122.382, 37.722], [-122.382, 37.722], [-122.382, 37.722], [-122.382, 37.722], [-122.382, 37.722], [-122.382, 37.722], [-122.382, 37.722], [-122.382, 37.722], [-122.382, 37.722], [-122.382, 37.722], [-122.382, 37.722], [-122.382, 37.722], [-122.383, 37.722], [-122.383, 37.722], [-122.383, 37.722], [-122.383, 37.722], [-122.383, 37.722], [-122.383, 37.722], [-122.383, 37.723], [-122.383, 37.723], [-122.383, 37.723], [-122.383, 37.723], [-122.383, 37.723], [-122.383, 37.723], [-122.383, 37.723], [-122.383, 37.723], [-122.383, 37.723], [-122.383, 37.723], [-122.383, 37.723], [-122.383, 37.723], [-122.383, 37.723], [-122.383, 37.723], [-122.383, 37.723], [-122.383, 37.723], [-122.383, 37.723], [-122.384, 37.723], [-122.384, 37.723], [-122.384, 37.723], [-122.384, 37.723], [-122.384, 37.723], [-122.384, 37.723], [-122.384, 37.723], [-122.384, 37.723], [-122.384, 37.723], [-122.384, 37.723], [-122.384, 37.723], [-122.384, 37.723], [-122.384, 37.723], [-122.384, 37.724], [-122.384, 37.724], [-122.384, 37.724], [-122.384, 37.724], [-122.384, 37.724], [-122.384, 37.724], [-122.384, 37.724], [-122.384, 37.724], [-122.384, 37.724], [-122.384, 37.724], [-122.385, 37.724], [-122.385, 37.724], [-122.385, 37.724], [-122.385, 37.724], [-122.385, 37.724], [-122.385, 37.724], [-122.385, 37.724], [-122.385, 37.724], [-122.385, 37.724], [-122.385, 37.724], [-122.385, 37.724], [-122.385, 37.724], [-122.385, 37.724], [-122.385, 37.724], [-122.385, 37.724], [-122.385, 37.724], [-122.385, 37.724], [-122.385, 37.724], [-122.385, 37.724], [-122.385, 37.724], [-122.385, 37.724], [-122.385, 37.724], [-122.385, 37.724], [-122.385, 37.724], [-122.385, 37.724], [-122.386, 37.724], [-122.386, 37.724], [-122.386, 37.724], [-122.386, 37.724], [-122.386, 37.724], [-122.386, 37.724], [-122.386, 37.724], [-122.386, 37.724], [-122.386, 37.724], [-122.386, 37.724], [-122.386, 37.724], [-122.386, 37.724], [-122.386, 37.724], [-122.386, 37.724], [-122.386, 37.724], [-122.386, 37.724], [-122.386, 37.724], [-122.386, 37.724], [-122.386, 37.724], [-122.386, 37.724], [-122.386, 37.724], [-122.387, 37.724], [-122.387, 37.724], [-122.387, 37.724], [-122.387, 37.724], [-122.387, 37.724], [-122.387, 37.724], [-122.387, 37.724], [-122.387, 37.724], [-122.387, 37.724], [-122.387, 37.724], [-122.387, 37.724], [-122.387, 37.724], [-122.387, 37.724], [-122.387, 37.724], [-122.387, 37.724], [-122.387, 37.724], [-122.387, 37.724], [-122.387, 37.724], [-122.387, 37.724], [-122.387, 37.724], [-122.386, 37.724], [-122.386, 37.724], [-122.386, 37.724], [-122.386, 37.724], [-122.386, 37.724], [-122.386, 37.724], [-122.386, 37.724], [-122.386, 37.724], [-122.386, 37.724], [-122.386, 37.723], [-122.386, 37.723], [-122.386, 37.723], [-122.385, 37.723], [-122.385, 37.723], [-122.385, 37.723], [-122.385, 37.723], [-122.385, 37.723], [-122.385, 37.723], [-122.385, 37.723], [-122.385, 37.723], [-122.385, 37.723], [-122.385, 37.723], [-122.385, 37.723], [-122.385, 37.723], [-122.385, 37.723], [-122.385, 37.723], [-122.385, 37.723], [-122.385, 37.723], [-122.385, 37.723], [-122.385, 37.723], [-122.385, 37.723], [-122.385, 37.723], [-122.385, 37.723], [-122.385, 37.723], [-122.384, 37.723], [-122.384, 37.723], [-122.384, 37.723], [-122.384, 37.723], [-122.384, 37.723], [-122.384, 37.722], [-122.384, 37.722], [-122.384, 37.722], [-122.384, 37.722], [-122.384, 37.722], [-122.384, 37.722], [-122.384, 37.722], [-122.384, 37.722], [-122.384, 37.722], [-122.384, 37.722], [-122.384, 37.722], [-122.383, 37.722], [-122.383, 37.722], [-122.383, 37.722], [-122.383, 37.722], [-122.383, 37.722], [-122.383, 37.722], [-122.383, 37.722], [-122.383, 37.722], [-122.383, 37.722], [-122.383, 37.722], [-122.383, 37.722], [-122.383, 37.722], [-122.383, 37.722], [-122.383, 37.722], [-122.383, 37.722], [-122.383, 37.722], [-122.383, 37.722], [-122.383, 37.722], [-122.383, 37.722], [-122.383, 37.722], [-122.383, 37.722], [-122.383, 37.722], [-122.383, 37.722], [-122.383, 37.722], [-122.383, 37.721], [-122.383, 37.721], [-122.383, 37.721], [-122.383, 37.721], [-122.383, 37.721], [-122.383, 37.721], [-122.383, 37.721], [-122.383, 37.721], [-122.383, 37.721], [-122.383, 37.721], [-122.383, 37.721], [-122.383, 37.721], [-122.383, 37.721], [-122.383, 37.721], [-122.383, 37.721], [-122.383, 37.721], [-122.383, 37.721], [-122.383, 37.721], [-122.383, 37.721], [-122.383, 37.721], [-122.383, 37.721], [-122.383, 37.721], [-122.383, 37.721], [-122.383, 37.721], [-122.383, 37.721], [-122.383, 37.721], [-122.383, 37.72], [-122.383, 37.72], [-122.383, 37.72], [-122.383, 37.72], [-122.383, 37.72], [-122.383, 37.72], [-122.383, 37.72], [-122.383, 37.72], [-122.383, 37.72], [-122.383, 37.72], [-122.383, 37.72], [-122.383, 37.72], [-122.383, 37.72], [-122.383, 37.72], [-122.383, 37.72], [-122.383, 37.72], [-122.383, 37.72], [-122.383, 37.72], [-122.383, 37.72], [-122.382, 37.72], [-122.382, 37.72], [-122.382, 37.719], [-122.382, 37.719], [-122.382, 37.719], [-122.382, 37.719], [-122.382, 37.719], [-122.382, 37.719], [-122.382, 37.719], [-122.382, 37.719], [-122.382, 37.719], [-122.382, 37.719], [-122.382, 37.719], [-122.382, 37.719], [-122.382, 37.719], [-122.382, 37.719], [-122.382, 37.719], [-122.382, 37.719], [-122.382, 37.719], [-122.382, 37.719], [-122.381, 37.719], [-122.381, 37.719], [-122.381, 37.719], [-122.381, 37.719], [-122.381, 37.719], [-122.381, 37.719], [-122.381, 37.719], [-122.381, 37.719], [-122.381, 37.719], [-122.381, 37.719], [-122.381, 37.719], [-122.381, 37.719], [-122.381, 37.719], [-122.381, 37.719], [-122.381, 37.719], [-122.381, 37.719], [-122.38, 37.719], [-122.38, 37.719], [-122.38, 37.719], [-122.38, 37.719], [-122.38, 37.719], [-122.38, 37.719], [-122.38, 37.718], [-122.38, 37.718], [-122.38, 37.718], [-122.38, 37.718], [-122.38, 37.718], [-122.38, 37.718], [-122.38, 37.718], [-122.38, 37.718], [-122.38, 37.718], [-122.38, 37.718], [-122.38, 37.718], [-122.38, 37.718], [-122.38, 37.718], [-122.38, 37.718], [-122.38, 37.718], [-122.38, 37.718], [-122.38, 37.718], [-122.379, 37.718], [-122.379, 37.718], [-122.379, 37.718], [-122.379, 37.718], [-122.379, 37.718], [-122.379, 37.718], [-122.379, 37.718], [-122.379, 37.718], [-122.379, 37.718], [-122.379, 37.718], [-122.379, 37.718], [-122.379, 37.718], [-122.379, 37.718], [-122.379, 37.718], [-122.379, 37.718], [-122.379, 37.718], [-122.379, 37.718], [-122.379, 37.718], [-122.379, 37.718], [-122.379, 37.718], [-122.379, 37.718], [-122.379, 37.718], [-122.379, 37.718], [-122.379, 37.718], [-122.379, 37.718], [-122.379, 37.718], [-122.379, 37.718], [-122.378, 37.717], [-122.378, 37.717], [-122.378, 37.717], [-122.378, 37.717], [-122.378, 37.717], [-122.377, 37.717], [-122.377, 37.717], [-122.377, 37.717], [-122.377, 37.717], [-122.377, 37.717], [-122.377, 37.717], [-122.377, 37.717], [-122.377, 37.717], [-122.377, 37.717], [-122.377, 37.717], [-122.377, 37.717], [-122.377, 37.717], [-122.377, 37.717], [-122.377, 37.716], [-122.377, 37.716], [-122.376, 37.716], [-122.376, 37.716], [-122.376, 37.716], [-122.376, 37.716], [-122.376, 37.716], [-122.376, 37.716], [-122.376, 37.716], [-122.376, 37.716], [-122.376, 37.716], [-122.376, 37.716], [-122.376, 37.716], [-122.376, 37.716], [-122.376, 37.716], [-122.376, 37.716], [-122.376, 37.716], [-122.376, 37.716], [-122.376, 37.716], [-122.376, 37.716], [-122.376, 37.716], [-122.376, 37.716], [-122.376, 37.716], [-122.376, 37.716], [-122.376, 37.716], [-122.376, 37.716], [-122.376, 37.715], [-122.376, 37.715], [-122.376, 37.715], [-122.377, 37.715], [-122.377, 37.715], [-122.377, 37.715], [-122.377, 37.715], [-122.377, 37.715], [-122.377, 37.715], [-122.377, 37.715], [-122.377, 37.715], [-122.377, 37.715], [-122.377, 37.715], [-122.377, 37.715], [-122.377, 37.715], [-122.377, 37.715], [-122.377, 37.715], [-122.377, 37.715], [-122.377, 37.715], [-122.377, 37.715], [-122.377, 37.715], [-122.377, 37.715], [-122.377, 37.715], [-122.377, 37.715], [-122.377, 37.715], [-122.377, 37.715], [-122.377, 37.715], [-122.377, 37.715], [-122.377, 37.715], [-122.377, 37.714], [-122.377, 37.714], [-122.377, 37.714], [-122.377, 37.714], [-122.377, 37.714], [-122.377, 37.714], [-122.377, 37.714], [-122.377, 37.714], [-122.378, 37.714], [-122.378, 37.714], [-122.378, 37.714], [-122.378, 37.714], [-122.378, 37.714], [-122.378, 37.714], [-122.378, 37.714], [-122.378, 37.714], [-122.378, 37.714], [-122.379, 37.713], [-122.379, 37.713], [-122.379, 37.713], [-122.379, 37.713], [-122.379, 37.713], [-122.379, 37.713], [-122.379, 37.713], [-122.379, 37.713], [-122.379, 37.713], [-122.379, 37.713], [-122.379, 37.713], [-122.379, 37.713], [-122.379, 37.713], [-122.379, 37.713], [-122.379, 37.713], [-122.379, 37.713], [-122.379, 37.713], [-122.379, 37.713], [-122.379, 37.712], [-122.379, 37.712], [-122.379, 37.712], [-122.379, 37.712], [-122.379, 37.712], [-122.379, 37.712], [-122.379, 37.712], [-122.379, 37.712], [-122.379, 37.712], [-122.379, 37.712], [-122.379, 37.712], [-122.379, 37.712], [-122.379, 37.712], [-122.38, 37.712], [-122.38, 37.712], [-122.38, 37.712], [-122.38, 37.712], [-122.38, 37.712], [-122.38, 37.712], [-122.38, 37.712], [-122.38, 37.712], [-122.38, 37.712], [-122.38, 37.712], [-122.38, 37.712], [-122.38, 37.712], [-122.38, 37.712], [-122.38, 37.712], [-122.38, 37.712], [-122.38, 37.712], [-122.38, 37.712], [-122.38, 37.712], [-122.38, 37.711], [-122.38, 37.711], [-122.38, 37.711], [-122.38, 37.711], [-122.38, 37.711], [-122.38, 37.711], [-122.38, 37.711], [-122.38, 37.711], [-122.38, 37.711], [-122.38, 37.711], [-122.38, 37.711], [-122.38, 37.711], [-122.38, 37.711], [-122.38, 37.711], [-122.38, 37.711], [-122.38, 37.711], [-122.38, 37.711], [-122.38, 37.711], [-122.38, 37.711], [-122.38, 37.711], [-122.38, 37.711], [-122.38, 37.711], [-122.38, 37.711], [-122.38, 37.71], [-122.38, 37.71], [-122.38, 37.71], [-122.38, 37.71], [-122.379, 37.71], [-122.379, 37.71], [-122.379, 37.71], [-122.379, 37.71], [-122.379, 37.71], [-122.379, 37.71], [-122.379, 37.71], [-122.379, 37.71], [-122.379, 37.71], [-122.379, 37.71], [-122.379, 37.71], [-122.379, 37.71], [-122.379, 37.71], [-122.379, 37.71], [-122.379, 37.71], [-122.379, 37.71], [-122.379, 37.71], [-122.379, 37.71], [-122.379, 37.71], [-122.379, 37.71], [-122.379, 37.71], [-122.379, 37.71], [-122.379, 37.71], [-122.379, 37.71], [-122.379, 37.71], [-122.379, 37.709], [-122.379, 37.709], [-122.379, 37.709], [-122.379, 37.709], [-122.379, 37.709], [-122.379, 37.709], [-122.379, 37.709], [-122.379, 37.709], [-122.379, 37.709], [-122.378, 37.709], [-122.378, 37.709], [-122.378, 37.709], [-122.378, 37.709], [-122.378, 37.709], [-122.378, 37.709], [-122.378, 37.709], [-122.378, 37.709], [-122.378, 37.709], [-122.378, 37.709], [-122.378, 37.709], [-122.378, 37.709], [-122.378, 37.709], [-122.378, 37.709], [-122.378, 37.709], [-122.378, 37.709], [-122.378, 37.709], [-122.378, 37.709], [-122.378, 37.709], [-122.378, 37.709], [-122.378, 37.709], [-122.378, 37.709], [-122.378, 37.709], [-122.378, 37.709], [-122.378, 37.709], [-122.378, 37.709], [-122.377, 37.709], [-122.377, 37.709], [-122.377, 37.709], [-122.377, 37.709], [-122.377, 37.709], [-122.377, 37.709], [-122.377, 37.709], [-122.377, 37.709], [-122.377, 37.709], [-122.377, 37.709], [-122.377, 37.709], [-122.377, 37.709], [-122.377, 37.709], [-122.377, 37.709], [-122.377, 37.709], [-122.377, 37.709], [-122.377, 37.709], [-122.377, 37.709], [-122.377, 37.709], [-122.377, 37.709], [-122.377, 37.709], [-122.376, 37.709], [-122.376, 37.709], [-122.376, 37.709], [-122.376, 37.71], [-122.376, 37.71], [-122.376, 37.71], [-122.376, 37.71], [-122.376, 37.71], [-122.376, 37.71], [-122.376, 37.71], [-122.376, 37.71], [-122.376, 37.71], [-122.376, 37.71], [-122.376, 37.71], [-122.376, 37.71], [-122.376, 37.71], [-122.376, 37.71], [-122.376, 37.71], [-122.376, 37.71], [-122.376, 37.71], [-122.376, 37.71], [-122.376, 37.71], [-122.376, 37.71], [-122.376, 37.71], [-122.376, 37.709], [-122.376, 37.709], [-122.375, 37.709], [-122.375, 37.709], [-122.375, 37.709], [-122.375, 37.709], [-122.375, 37.709], [-122.375, 37.709], [-122.375, 37.709], [-122.375, 37.709], [-122.375, 37.709], [-122.375, 37.709], [-122.375, 37.709], [-122.375, 37.709], [-122.375, 37.709], [-122.375, 37.709], [-122.375, 37.709], [-122.375, 37.709], [-122.375, 37.709], [-122.374, 37.709], [-122.374, 37.709], [-122.374, 37.709], [-122.374, 37.709], [-122.374, 37.709], [-122.374, 37.709], [-122.374, 37.709], [-122.374, 37.709], [-122.374, 37.709], [-122.374, 37.709], [-122.375, 37.709], [-122.375, 37.709], [-122.375, 37.709], [-122.375, 37.709], [-122.375, 37.709], [-122.375, 37.709], [-122.375, 37.709], [-122.375, 37.709], [-122.375, 37.708], [-122.376, 37.708], [-122.376, 37.708], [-122.376, 37.708], [-122.376, 37.708], [-122.376, 37.708], [-122.376, 37.708], [-122.376, 37.708], [-122.376, 37.708], [-122.376, 37.708], [-122.376, 37.708], [-122.376, 37.708], [-122.377, 37.708], [-122.377, 37.708], [-122.377, 37.708], [-122.377, 37.708], [-122.377, 37.708], [-122.377, 37.708], [-122.377, 37.708], [-122.377, 37.708], [-122.377, 37.708], [-122.377, 37.708], [-122.377, 37.708], [-122.377, 37.708], [-122.378, 37.708], [-122.378, 37.708], [-122.378, 37.708], [-122.378, 37.708], [-122.378, 37.708], [-122.378, 37.708], [-122.378, 37.708], [-122.378, 37.708], [-122.379, 37.708], [-122.379, 37.708], [-122.379, 37.708], [-122.379, 37.708], [-122.379, 37.709], [-122.379, 37.709], [-122.379, 37.709], [-122.379, 37.709], [-122.379, 37.709], [-122.379, 37.708], [-122.379, 37.708], [-122.379, 37.708], [-122.379, 37.708], [-122.379, 37.708], [-122.379, 37.708], [-122.379, 37.708], [-122.379, 37.708], [-122.379, 37.709], [-122.38, 37.709], [-122.38, 37.709], [-122.38, 37.709], [-122.38, 37.709], [-122.38, 37.709], [-122.38, 37.709], [-122.38, 37.709], [-122.38, 37.709], [-122.38, 37.709], [-122.38, 37.709], [-122.38, 37.709], [-122.38, 37.709], [-122.38, 37.709], [-122.38, 37.709], [-122.38, 37.709], [-122.38, 37.709], [-122.38, 37.709], [-122.38, 37.709], [-122.38, 37.709], [-122.381, 37.709], [-122.381, 37.709], [-122.381, 37.709], [-122.381, 37.709], [-122.381, 37.709], [-122.381, 37.709], [-122.381, 37.709], [-122.381, 37.709], [-122.381, 37.709], [-122.381, 37.709], [-122.381, 37.709], [-122.382, 37.709], [-122.382, 37.709], [-122.382, 37.709], [-122.382, 37.709], [-122.382, 37.709], [-122.382, 37.709], [-122.382, 37.709], [-122.382, 37.709], [-122.382, 37.709], [-122.382, 37.709], [-122.382, 37.709], [-122.382, 37.709], [-122.382, 37.709], [-122.382, 37.709], [-122.382, 37.709], [-122.382, 37.709], [-122.382, 37.709], [-122.383, 37.709], [-122.383, 37.709], [-122.383, 37.709], [-122.383, 37.709], [-122.383, 37.709], [-122.383, 37.709], [-122.383, 37.709], [-122.383, 37.709], [-122.383, 37.709], [-122.383, 37.709], [-122.383, 37.709], [-122.383, 37.709], [-122.383, 37.709], [-122.383, 37.709], [-122.383, 37.709], [-122.383, 37.709], [-122.383, 37.709], [-122.383, 37.709], [-122.383, 37.709], [-122.384, 37.709], [-122.384, 37.709], [-122.384, 37.709], [-122.384, 37.709], [-122.384, 37.709], [-122.384, 37.709], [-122.384, 37.709], [-122.384, 37.709], [-122.384, 37.709], [-122.384, 37.709], [-122.384, 37.709], [-122.384, 37.709], [-122.384, 37.709], [-122.384, 37.709], [-122.385, 37.709], [-122.385, 37.709], [-122.385, 37.709], [-122.385, 37.709], [-122.385, 37.709], [-122.385, 37.709], [-122.385, 37.709], [-122.385, 37.709], [-122.385, 37.709], [-122.385, 37.71], [-122.385, 37.71], [-122.385, 37.71], [-122.385, 37.71], [-122.385, 37.71], [-122.385, 37.71], [-122.386, 37.71], [-122.386, 37.71], [-122.386, 37.71], [-122.386, 37.71], [-122.386, 37.71], [-122.386, 37.71], [-122.386, 37.71], [-122.386, 37.71], [-122.386, 37.71], [-122.386, 37.71], [-122.386, 37.71], [-122.386, 37.71], [-122.386, 37.71], [-122.386, 37.71], [-122.386, 37.71], [-122.386, 37.71], [-122.386, 37.71], [-122.386, 37.71], [-122.386, 37.71], [-122.386, 37.71], [-122.387, 37.71], [-122.387, 37.71], [-122.387, 37.71], [-122.387, 37.71], [-122.387, 37.71], [-122.387, 37.71], [-122.387, 37.71], [-122.387, 37.71], [-122.387, 37.71], [-122.387, 37.71], [-122.387, 37.71], [-122.387, 37.71], [-122.387, 37.71], [-122.387, 37.71], [-122.387, 37.71], [-122.387, 37.709], [-122.387, 37.709], [-122.387, 37.709], [-122.387, 37.709], [-122.387, 37.709], [-122.387, 37.709], [-122.387, 37.709], [-122.387, 37.709], [-122.387, 37.709], [-122.388, 37.709], [-122.388, 37.709], [-122.388, 37.709], [-122.388, 37.709], [-122.388, 37.709], [-122.388, 37.709], [-122.388, 37.709], [-122.388, 37.709], [-122.388, 37.709], [-122.388, 37.709], [-122.388, 37.709], [-122.388, 37.709], [-122.388, 37.709], [-122.388, 37.709], [-122.388, 37.709], [-122.388, 37.709], [-122.388, 37.709], [-122.388, 37.709], [-122.388, 37.709], [-122.388, 37.709], [-122.388, 37.709], [-122.388, 37.709], [-122.388, 37.709], [-122.388, 37.709], [-122.388, 37.709], [-122.388, 37.709], [-122.388, 37.709], [-122.388, 37.709], [-122.388, 37.709], [-122.389, 37.709], [-122.389, 37.709], [-122.389, 37.709], [-122.389, 37.709], [-122.389, 37.709], [-122.389, 37.709], [-122.389, 37.709], [-122.389, 37.709], [-122.389, 37.709], [-122.389, 37.709], [-122.389, 37.709], [-122.389, 37.709], [-122.389, 37.709], [-122.389, 37.709], [-122.39, 37.709], [-122.39, 37.709], [-122.39, 37.709], [-122.39, 37.71], [-122.39, 37.71], [-122.39, 37.71], [-122.39, 37.71], [-122.39, 37.71], [-122.39, 37.71], [-122.39, 37.71], [-122.39, 37.71], [-122.39, 37.709], [-122.39, 37.709], [-122.39, 37.709], [-122.39, 37.709], [-122.39, 37.709], [-122.39, 37.709], [-122.39, 37.709], [-122.39, 37.709], [-122.39, 37.709], [-122.39, 37.709], [-122.39, 37.709], [-122.39, 37.709], [-122.391, 37.709], [-122.391, 37.709], [-122.391, 37.709], [-122.391, 37.709], [-122.391, 37.709], [-122.391, 37.709], [-122.391, 37.709], [-122.391, 37.709], [-122.391, 37.709], [-122.391, 37.709], [-122.391, 37.709], [-122.391, 37.71], [-122.391, 37.71], [-122.391, 37.71], [-122.391, 37.71], [-122.391, 37.71], [-122.391, 37.71], [-122.392, 37.71], [-122.392, 37.71], [-122.392, 37.709], [-122.392, 37.709], [-122.392, 37.709], [-122.392, 37.709], [-122.392, 37.709], [-122.392, 37.709], [-122.392, 37.709], [-122.392, 37.709], [-122.392, 37.709], [-122.392, 37.709], [-122.392, 37.709], [-122.392, 37.709], [-122.393, 37.709], [-122.393, 37.709], [-122.393, 37.709], [-122.393, 37.709], [-122.393, 37.709], [-122.393, 37.709], [-122.393, 37.709], [-122.393, 37.709], [-122.393, 37.709], [-122.393, 37.709], [-122.393, 37.708], [-122.394, 37.708], [-122.395, 37.709], [-122.397, 37.714], [-122.4, 37.721], [-122.402, 37.726], [-122.406, 37.735], [-122.407, 37.736], [-122.408, 37.74], [-122.407, 37.742], [-122.405, 37.745], [-122.401, 37.749], [-122.383, 37.752], [-122.38, 37.752], [-122.376, 37.749], [-122.385, 37.748], [-122.385, 37.748], [-122.385, 37.748], [-122.385, 37.748], [-122.385, 37.748], [-122.385, 37.748], [-122.385, 37.748], [-122.385, 37.748], [-122.385, 37.748], [-122.385, 37.748], [-122.385, 37.748], [-122.385, 37.748], [-122.385, 37.748], [-122.385, 37.748], [-122.385, 37.748], [-122.385, 37.748], [-122.385, 37.748], [-122.385, 37.748], [-122.385, 37.748], [-122.385, 37.748], [-122.386, 37.748], [-122.386, 37.748], [-122.386, 37.748], [-122.386, 37.748], [-122.386, 37.748], [-122.386, 37.748], [-122.386, 37.748], [-122.386, 37.748], [-122.386, 37.748], [-122.386, 37.748], [-122.386, 37.748], [-122.386, 37.748], [-122.386, 37.748], [-122.386, 37.748], [-122.386, 37.748], [-122.386, 37.748], [-122.386, 37.748], [-122.386, 37.748], [-122.386, 37.748], [-122.386, 37.748], [-122.386, 37.748], [-122.387, 37.748], [-122.387, 37.748], [-122.387, 37.748], [-122.387, 37.748], [-122.387, 37.748], [-122.387, 37.748], [-122.387, 37.748], [-122.387, 37.748], [-122.387, 37.748], [-122.387, 37.748], [-122.387, 37.748], [-122.387, 37.748], [-122.387, 37.748], [-122.388, 37.748], [-122.388, 37.748], [-122.388, 37.748], [-122.388, 37.748], [-122.388, 37.748], [-122.388, 37.748], [-122.388, 37.748], [-122.388, 37.748], [-122.388, 37.748], [-122.388, 37.748], [-122.388, 37.748], [-122.388, 37.748], [-122.388, 37.748], [-122.388, 37.748], [-122.388, 37.748], [-122.388, 37.748], [-122.388, 37.748]]], [[[-122.471, 37.708], [-122.476, 37.708], [-122.482, 37.708], [-122.486, 37.708], [-122.503, 37.708], [-122.503, 37.709], [-122.503, 37.709], [-122.503, 37.71], [-122.503, 37.711], [-122.503, 37.711], [-122.504, 37.711], [-122.504, 37.712], [-122.504, 37.712], [-122.504, 37.713], [-122.504, 37.713], [-122.504, 37.714], [-122.504, 37.714], [-122.505, 37.715], [-122.505, 37.715], [-122.505, 37.716], [-122.505, 37.717], [-122.505, 37.717], [-122.506, 37.718], [-122.506, 37.718], [-122.506, 37.718], [-122.506, 37.719], [-122.506, 37.719], [-122.506, 37.72], [-122.506, 37.72], [-122.506, 37.72], [-122.506, 37.721], [-122.506, 37.721], [-122.507, 37.722], [-122.508, 37.728], [-122.508, 37.729], [-122.508, 37.729], [-122.508, 37.729], [-122.508, 37.729], [-122.508, 37.73], [-122.508, 37.73], [-122.508, 37.73], [-122.508, 37.73], [-122.508, 37.73], [-122.508, 37.73], [-122.508, 37.73], [-122.508, 37.73], [-122.508, 37.731], [-122.508, 37.731], [-122.508, 37.731], [-122.508, 37.731], [-122.508, 37.731], [-122.508, 37.731], [-122.508, 37.731], [-122.508, 37.731], [-122.508, 37.732], [-122.508, 37.732], [-122.508, 37.732], [-122.508, 37.732], [-122.508, 37.732], [-122.508, 37.732], [-122.508, 37.732], [-122.508, 37.733], [-122.508, 37.733], [-122.508, 37.733], [-122.508, 37.733], [-122.508, 37.733], [-122.508, 37.733], [-122.508, 37.733], [-122.508, 37.733], [-122.508, 37.733], [-122.508, 37.733], [-122.508, 37.734], [-122.508, 37.734], [-122.508, 37.734], [-122.508, 37.734], [-122.508, 37.734], [-122.508, 37.734], [-122.508, 37.734], [-122.508, 37.734], [-122.508, 37.735], [-122.508, 37.735], [-122.508, 37.735], [-122.508, 37.735], [-122.508, 37.735], [-122.508, 37.735], [-122.508, 37.735], [-122.508, 37.735], [-122.507, 37.735], [-122.503, 37.735], [-122.5, 37.735], [-122.497, 37.734], [-122.491, 37.734], [-122.49, 37.738], [-122.489, 37.737], [-122.487, 37.737], [-122.486, 37.737], [-122.484, 37.737], [-122.481, 37.737], [-122.471, 37.738], [-122.469, 37.738], [-122.471, 37.736], [-122.472, 37.733], [-122.472, 37.73], [-122.472, 37.721], [-122.473, 37.718], [-122.472, 37.714], [-122.471, 37.71], [-122.471, 37.708]]], [[[-122.387, 37.781], [-122.387, 37.781], [-122.387, 37.781], [-122.387, 37.781], [-122.387, 37.781], [-122.387, 37.781], [-122.387, 37.781], [-122.387, 37.781], [-122.387, 37.781], [-122.387, 37.781], [-122.387, 37.781], [-122.387, 37.781], [-122.386, 37.781], [-122.386, 37.781], [-122.386, 37.781], [-122.386, 37.781], [-122.386, 37.781], [-122.386, 37.781], [-122.386, 37.781], [-122.386, 37.781], [-122.386, 37.781], [-122.386, 37.781], [-122.386, 37.781], [-122.386, 37.781], [-122.385, 37.781], [-122.385, 37.781], [-122.385, 37.781], [-122.385, 37.781], [-122.385, 37.781], [-122.385, 37.781], [-122.385, 37.781], [-122.385, 37.781], [-122.385, 37.781], [-122.385, 37.781], [-122.385, 37.781], [-122.385, 37.781], [-122.385, 37.781], [-122.385, 37.781], [-122.385, 37.781], [-122.385, 37.781], [-122.385, 37.781], [-122.385, 37.781], [-122.385, 37.781], [-122.385, 37.781], [-122.386, 37.781], [-122.386, 37.781], [-122.386, 37.781], [-122.386, 37.781], [-122.386, 37.781], [-122.386, 37.781], [-122.386, 37.781], [-122.386, 37.781], [-122.386, 37.781], [-122.386, 37.781], [-122.386, 37.781], [-122.386, 37.781], [-122.386, 37.781], [-122.387, 37.781], [-122.387, 37.781], [-122.387, 37.781], [-122.387, 37.781], [-122.387, 37.781], [-122.387, 37.781], [-122.387, 37.781], [-122.387, 37.781], [-122.387, 37.781], [-122.387, 37.781], [-122.387, 37.781], [-122.387, 37.781], [-122.388, 37.78], [-122.387, 37.78], [-122.387, 37.78], [-122.387, 37.78], [-122.387, 37.78], [-122.387, 37.78], [-122.387, 37.78], [-122.387, 37.78], [-122.387, 37.78], [-122.387, 37.78], [-122.387, 37.78], [-122.387, 37.78], [-122.386, 37.78], [-122.386, 37.78], [-122.386, 37.78], [-122.386, 37.78], [-122.386, 37.78], [-122.386, 37.78], [-122.386, 37.78], [-122.386, 37.78], [-122.386, 37.78], [-122.386, 37.78], [-122.386, 37.78], [-122.386, 37.78], [-122.386, 37.78], [-122.385, 37.78], [-122.385, 37.78], [-122.385, 37.78], [-122.385, 37.78], [-122.385, 37.78], [-122.385, 37.78], [-122.385, 37.78], [-122.385, 37.78], [-122.385, 37.78], [-122.385, 37.78], [-122.385, 37.78], [-122.385, 37.78], [-122.385, 37.78], [-122.385, 37.78], [-122.385, 37.78], [-122.385, 37.78], [-122.385, 37.78], [-122.385, 37.78], [-122.385, 37.78], [-122.385, 37.78], [-122.385, 37.78], [-122.386, 37.78], [-122.386, 37.78], [-122.386, 37.78], [-122.386, 37.78], [-122.386, 37.78], [-122.386, 37.78], [-122.386, 37.78], [-122.386, 37.78], [-122.386, 37.78], [-122.386, 37.78], [-122.386, 37.78], [-122.386, 37.78], [-122.387, 37.78], [-122.387, 37.78], [-122.387, 37.78], [-122.387, 37.78], [-122.387, 37.78], [-122.387, 37.78], [-122.387, 37.78], [-122.387, 37.78], [-122.387, 37.78], [-122.387, 37.78], [-122.387, 37.78], [-122.387, 37.78], [-122.388, 37.78], [-122.387, 37.78], [-122.387, 37.78], [-122.387, 37.78], [-122.387, 37.78], [-122.387, 37.78], [-122.387, 37.78], [-122.387, 37.78], [-122.387, 37.78], [-122.387, 37.78], [-122.387, 37.78], [-122.387, 37.78], [-122.387, 37.78], [-122.386, 37.78], [-122.386, 37.78], [-122.386, 37.78], [-122.386, 37.78], [-122.386, 37.78], [-122.386, 37.78], [-122.386, 37.78], [-122.386, 37.78], [-122.386, 37.78], [-122.386, 37.78], [-122.386, 37.78], [-122.386, 37.78], [-122.386, 37.78], [-122.386, 37.78], [-122.386, 37.78], [-122.385, 37.78], [-122.385, 37.78], [-122.385, 37.78], [-122.385, 37.78], [-122.385, 37.78], [-122.385, 37.78], [-122.385, 37.78], [-122.385, 37.78], [-122.385, 37.78], [-122.385, 37.78], [-122.385, 37.78], [-122.385, 37.78], [-122.385, 37.78], [-122.385, 37.78], [-122.385, 37.78], [-122.385, 37.78], [-122.385, 37.78], [-122.385, 37.78], [-122.385, 37.78], [-122.385, 37.78], [-122.385, 37.78], [-122.385, 37.78], [-122.385, 37.78], [-122.385, 37.78], [-122.386, 37.78], [-122.386, 37.78], [-122.386, 37.78], [-122.386, 37.78], [-122.386, 37.78], [-122.386, 37.78], [-122.386, 37.78], [-122.386, 37.78], [-122.386, 37.78], [-122.386, 37.78], [-122.386, 37.78], [-122.386, 37.78], [-122.386, 37.78], [-122.386, 37.78], [-122.387, 37.78], [-122.387, 37.78], [-122.387, 37.78], [-122.387, 37.78], [-122.387, 37.78], [-122.387, 37.78], [-122.387, 37.78], [-122.387, 37.78], [-122.387, 37.78], [-122.387, 37.78], [-122.387, 37.78], [-122.387, 37.78], [-122.387, 37.78], [-122.387, 37.779], [-122.387, 37.779], [-122.387, 37.779], [-122.387, 37.779], [-122.387, 37.779], [-122.387, 37.779], [-122.387, 37.779], [-122.387, 37.779], [-122.387, 37.779], [-122.387, 37.779], [-122.387, 37.779], [-122.387, 37.779], [-122.387, 37.779], [-122.386, 37.779], [-122.386, 37.779], [-122.386, 37.779], [-122.386, 37.779], [-122.386, 37.779], [-122.386, 37.779], [-122.386, 37.779], [-122.386, 37.779], [-122.386, 37.779], [-122.386, 37.779], [-122.386, 37.779], [-122.386, 37.779], [-122.386, 37.779], [-122.386, 37.779], [-122.386, 37.779], [-122.385, 37.779], [-122.385, 37.779], [-122.385, 37.779], [-122.385, 37.779], [-122.385, 37.779], [-122.385, 37.779], [-122.385, 37.779], [-122.385, 37.779], [-122.385, 37.779], [-122.385, 37.779], [-122.385, 37.779], [-122.385, 37.779], [-122.385, 37.779], [-122.385, 37.779], [-122.385, 37.779], [-122.385, 37.779], [-122.385, 37.779], [-122.385, 37.779], [-122.385, 37.779], [-122.385, 37.779], [-122.385, 37.779], [-122.385, 37.779], [-122.385, 37.779], [-122.385, 37.779], [-122.386, 37.779], [-122.386, 37.779], [-122.386, 37.779], [-122.386, 37.779], [-122.386, 37.779], [-122.386, 37.779], [-122.386, 37.779], [-122.386, 37.779], [-122.386, 37.779], [-122.386, 37.779], [-122.386, 37.779], [-122.386, 37.779], [-122.386, 37.779], [-122.386, 37.779], [-122.386, 37.779], [-122.387, 37.779], [-122.387, 37.779], [-122.387, 37.779], [-122.387, 37.779], [-122.387, 37.779], [-122.387, 37.779], [-122.387, 37.779], [-122.387, 37.779], [-122.387, 37.779], [-122.387, 37.779], [-122.387, 37.779], [-122.387, 37.779], [-122.387, 37.779], [-122.387, 37.779], [-122.387, 37.779], [-122.387, 37.779], [-122.387, 37.779], [-122.387, 37.779], [-122.387, 37.779], [-122.387, 37.779], [-122.387, 37.779], [-122.387, 37.779], [-122.387, 37.779], [-122.387, 37.779], [-122.387, 37.779], [-122.386, 37.779], [-122.386, 37.779], [-122.386, 37.779], [-122.386, 37.779], [-122.386, 37.779], [-122.386, 37.779], [-122.386, 37.779], [-122.386, 37.779], [-122.386, 37.779], [-122.386, 37.779], [-122.386, 37.779], [-122.386, 37.779], [-122.386, 37.779], [-122.386, 37.779], [-122.386, 37.779], [-122.386, 37.779], [-122.385, 37.779], [-122.385, 37.779], [-122.385, 37.779], [-122.385, 37.779], [-122.385, 37.779], [-122.385, 37.779], [-122.385, 37.779], [-122.385, 37.779], [-122.385, 37.779], [-122.385, 37.779], [-122.385, 37.779], [-122.385, 37.779], [-122.385, 37.779], [-122.385, 37.779], [-122.385, 37.779], [-122.385, 37.779], [-122.385, 37.779], [-122.385, 37.779], [-122.385, 37.779], [-122.385, 37.779], [-122.385, 37.779], [-122.385, 37.779], [-122.385, 37.779], [-122.385, 37.779], [-122.385, 37.779], [-122.386, 37.779], [-122.386, 37.779], [-122.386, 37.779], [-122.386, 37.779], [-122.386, 37.779], [-122.386, 37.779], [-122.386, 37.779], [-122.386, 37.779], [-122.386, 37.779], [-122.386, 37.779], [-122.386, 37.779], [-122.386, 37.779], [-122.386, 37.779], [-122.386, 37.779], [-122.386, 37.779], [-122.386, 37.779], [-122.387, 37.779], [-122.387, 37.779], [-122.387, 37.779], [-122.387, 37.779], [-122.387, 37.779], [-122.387, 37.779], [-122.387, 37.779], [-122.387, 37.779], [-122.387, 37.779], [-122.387, 37.779], [-122.387, 37.779], [-122.387, 37.779], [-122.387, 37.779], [-122.387, 37.779], [-122.387, 37.779], [-122.387, 37.779], [-122.387, 37.779], [-122.387, 37.779], [-122.387, 37.779], [-122.387, 37.779], [-122.387, 37.779], [-122.387, 37.779], [-122.387, 37.779], [-122.387, 37.779], [-122.387, 37.779], [-122.386, 37.779], [-122.386, 37.779], [-122.386, 37.779], [-122.386, 37.779], [-122.386, 37.779], [-122.386, 37.779], [-122.386, 37.779], [-122.386, 37.779], [-122.386, 37.779], [-122.386, 37.779], [-122.386, 37.779], [-122.386, 37.779], [-122.386, 37.779], [-122.386, 37.779], [-122.386, 37.779], [-122.385, 37.779], [-122.385, 37.779], [-122.385, 37.779], [-122.385, 37.779], [-122.385, 37.779], [-122.385, 37.779], [-122.385, 37.779], [-122.385, 37.779], [-122.385, 37.779], [-122.385, 37.779], [-122.385, 37.779], [-122.385, 37.779], [-122.385, 37.779], [-122.385, 37.779], [-122.385, 37.779], [-122.386, 37.779], [-122.386, 37.779], [-122.386, 37.779], [-122.386, 37.779], [-122.386, 37.779], [-122.386, 37.779], [-122.386, 37.779], [-122.386, 37.779], [-122.386, 37.779], [-122.386, 37.779], [-122.386, 37.779], [-122.386, 37.779], [-122.386, 37.779], [-122.386, 37.779], [-122.386, 37.779], [-122.387, 37.779], [-122.387, 37.779], [-122.387, 37.779], [-122.387, 37.779], [-122.387, 37.779], [-122.387, 37.779], [-122.387, 37.779], [-122.387, 37.779], [-122.387, 37.779], [-122.387, 37.779], [-122.387, 37.779], [-122.387, 37.779], [-122.387, 37.778], [-122.385, 37.779], [-122.385, 37.778], [-122.388, 37.778], [-122.388, 37.778], [-122.39, 37.777], [-122.39, 37.776], [-122.388, 37.777], [-122.388, 37.777], [-122.388, 37.777], [-122.388, 37.777], [-122.387, 37.777], [-122.387, 37.777], [-122.387, 37.777], [-122.387, 37.777], [-122.387, 37.776], [-122.387, 37.776], [-122.387, 37.776], [-122.385, 37.776], [-122.385, 37.776], [-122.385, 37.775], [-122.387, 37.775], [-122.382, 37.775], [-122.385, 37.773], [-122.385, 37.773], [-122.385, 37.773], [-122.385, 37.773], [-122.387, 37.773], [-122.387, 37.773], [-122.387, 37.773], [-122.387, 37.773], [-122.387, 37.773], [-122.387, 37.773], [-122.387, 37.773], [-122.387, 37.773], [-122.387, 37.773], [-122.387, 37.772], [-122.387, 37.772], [-122.387, 37.772], [-122.387, 37.772], [-122.387, 37.772], [-122.387, 37.772], [-122.387, 37.772], [-122.386, 37.772], [-122.386, 37.772], [-122.386, 37.772], [-122.386, 37.772], [-122.386, 37.772], [-122.386, 37.772], [-122.386, 37.772], [-122.386, 37.771], [-122.386, 37.771], [-122.386, 37.771], [-122.386, 37.771], [-122.386, 37.771], [-122.386, 37.771], [-122.386, 37.771], [-122.386, 37.771], [-122.386, 37.771], [-122.386, 37.771], [-122.386, 37.771], [-122.386, 37.772], [-122.385, 37.771], [-122.385, 37.772], [-122.386, 37.771], [-122.386, 37.771], [-122.386, 37.771], [-122.383, 37.769], [-122.385, 37.77], [-122.385, 37.769], [-122.385, 37.769], [-122.385, 37.769], [-122.385, 37.768], [-122.385, 37.768], [-122.385, 37.768], [-122.385, 37.768], [-122.385, 37.768], [-122.384, 37.768], [-122.382, 37.768], [-122.385, 37.767], [-122.405, 37.767], [-122.407, 37.769], [-122.413, 37.77], [-122.42, 37.77], [-122.423, 37.771], [-122.422, 37.773], [-122.41, 37.783], [-122.406, 37.786], [-122.397, 37.786], [-122.389, 37.791], [-122.389, 37.791], [-122.388, 37.791], [-122.388, 37.79], [-122.388, 37.79], [-122.388, 37.79], [-122.386, 37.791], [-122.385, 37.791], [-122.386, 37.791], [-122.387, 37.789], [-122.385, 37.79], [-122.385, 37.79], [-122.385, 37.789], [-122.385, 37.789], [-122.387, 37.789], [-122.385, 37.788], [-122.385, 37.788], [-122.385, 37.788], [-122.387, 37.788], [-122.387, 37.788], [-122.387, 37.788], [-122.387, 37.788], [-122.387, 37.788], [-122.387, 37.787], [-122.385, 37.787], [-122.384, 37.786], [-122.384, 37.786], [-122.387, 37.785], [-122.387, 37.785], [-122.387, 37.785], [-122.387, 37.785], [-122.387, 37.785], [-122.388, 37.785], [-122.388, 37.785], [-122.388, 37.785], [-122.388, 37.785], [-122.385, 37.785], [-122.387, 37.785], [-122.387, 37.785], [-122.388, 37.785], [-122.388, 37.785], [-122.388, 37.784], [-122.388, 37.784], [-122.388, 37.784], [-122.388, 37.784], [-122.386, 37.783], [-122.388, 37.783], [-122.388, 37.783], [-122.388, 37.783], [-122.388, 37.783], [-122.387, 37.783], [-122.387, 37.783], [-122.385, 37.783], [-122.385, 37.782], [-122.388, 37.782], [-122.388, 37.782], [-122.388, 37.782], [-122.385, 37.782], [-122.385, 37.782], [-122.385, 37.782], [-122.385, 37.782], [-122.385, 37.782], [-122.388, 37.782], [-122.388, 37.781], [-122.387, 37.781], [-122.387, 37.781], [-122.387, 37.781], [-122.387, 37.781], [-122.387, 37.781], [-122.387, 37.781], [-122.387, 37.781], [-122.387, 37.781], [-122.387, 37.781], [-122.387, 37.781], [-122.386, 37.781], [-122.386, 37.781], [-122.386, 37.781], [-122.386, 37.781], [-122.386, 37.781], [-122.386, 37.781], [-122.386, 37.781], [-122.386, 37.781], [-122.386, 37.781], [-122.386, 37.781], [-122.386, 37.781], [-122.386, 37.781], [-122.385, 37.781], [-122.385, 37.781], [-122.385, 37.781], [-122.385, 37.781], [-122.385, 37.781], [-122.385, 37.781], [-122.385, 37.781], [-122.385, 37.781], [-122.385, 37.781], [-122.385, 37.781], [-122.385, 37.781], [-122.385, 37.781], [-122.385, 37.781], [-122.385, 37.781], [-122.385, 37.781], [-122.385, 37.781], [-122.385, 37.781], [-122.386, 37.781], [-122.386, 37.781], [-122.386, 37.781], [-122.386, 37.781], [-122.386, 37.781], [-122.386, 37.781], [-122.386, 37.781], [-122.386, 37.781], [-122.386, 37.781], [-122.386, 37.781], [-122.386, 37.781], [-122.386, 37.781], [-122.387, 37.781], [-122.387, 37.781], [-122.387, 37.781], [-122.387, 37.781], [-122.387, 37.781], [-122.387, 37.781], [-122.387, 37.781], [-122.387, 37.781], [-122.387, 37.781], [-122.387, 37.781], [-122.388, 37.781], [-122.387, 37.781]]], [[[-122.448, 37.807], [-122.449, 37.806], [-122.448, 37.805], [-122.449, 37.804], [-122.45, 37.803], [-122.449, 37.802], [-122.448, 37.802], [-122.446, 37.792], [-122.454, 37.791], [-122.463, 37.789], [-122.466, 37.787], [-122.478, 37.787], [-122.481, 37.787], [-122.484, 37.788], [-122.484, 37.789], [-122.486, 37.79], [-122.486, 37.791], [-122.486, 37.791], [-122.486, 37.791], [-122.486, 37.791], [-122.485, 37.791], [-122.485, 37.792], [-122.484, 37.792], [-122.484, 37.793], [-122.484, 37.794], [-122.483, 37.795], [-122.483, 37.796], [-122.483, 37.796], [-122.483, 37.797], [-122.482, 37.797], [-122.482, 37.798], [-122.482, 37.798], [-122.482, 37.798], [-122.482, 37.798], [-122.482, 37.798], [-122.482, 37.798], [-122.482, 37.799], [-122.482, 37.799], [-122.482, 37.799], [-122.482, 37.799], [-122.482, 37.799], [-122.481, 37.799], [-122.482, 37.799], [-122.482, 37.799], [-122.482, 37.799], [-122.482, 37.799], [-122.481, 37.799], [-122.481, 37.799], [-122.481, 37.799], [-122.481, 37.8], [-122.481, 37.8], [-122.481, 37.8], [-122.481, 37.8], [-122.481, 37.8], [-122.481, 37.8], [-122.481, 37.801], [-122.481, 37.801], [-122.481, 37.801], [-122.48, 37.801], [-122.48, 37.802], [-122.48, 37.802], [-122.48, 37.802], [-122.48, 37.803], [-122.48, 37.803], [-122.48, 37.803], [-122.48, 37.804], [-122.479, 37.804], [-122.479, 37.805], [-122.479, 37.805], [-122.479, 37.806], [-122.479, 37.806], [-122.479, 37.806], [-122.479, 37.806], [-122.479, 37.806], [-122.479, 37.807], [-122.478, 37.807], [-122.478, 37.807], [-122.478, 37.807], [-122.478, 37.807], [-122.478, 37.808], [-122.478, 37.808], [-122.478, 37.809], [-122.478, 37.81], [-122.478, 37.81], [-122.478, 37.811], [-122.478, 37.811], [-122.477, 37.811], [-122.477, 37.811], [-122.476, 37.811], [-122.476, 37.81], [-122.476, 37.81], [-122.476, 37.809], [-122.475, 37.809], [-122.475, 37.809], [-122.473, 37.809], [-122.472, 37.809], [-122.472, 37.809], [-122.471, 37.809], [-122.471, 37.809], [-122.47, 37.809], [-122.469, 37.809], [-122.469, 37.809], [-122.47, 37.809], [-122.47, 37.809], [-122.47, 37.808], [-122.47, 37.808], [-122.469, 37.808], [-122.469, 37.807], [-122.469, 37.807], [-122.468, 37.807], [-122.468, 37.807], [-122.468, 37.807], [-122.468, 37.807], [-122.467, 37.806], [-122.467, 37.806], [-122.466, 37.806], [-122.466, 37.806], [-122.466, 37.806], [-122.467, 37.806], [-122.466, 37.806], [-122.466, 37.805], [-122.464, 37.805], [-122.464, 37.805], [-122.463, 37.805], [-122.462, 37.805], [-122.462, 37.805], [-122.461, 37.805], [-122.46, 37.805], [-122.46, 37.805], [-122.46, 37.805], [-122.459, 37.805], [-122.459, 37.805], [-122.459, 37.805], [-122.459, 37.805], [-122.459, 37.805], [-122.459, 37.805], [-122.459, 37.805], [-122.459, 37.805], [-122.459, 37.805], [-122.459, 37.806], [-122.459, 37.806], [-122.458, 37.806], [-122.458, 37.806], [-122.458, 37.806], [-122.458, 37.806], [-122.458, 37.806], [-122.458, 37.806], [-122.458, 37.806], [-122.458, 37.806], [-122.457, 37.806], [-122.457, 37.806], [-122.457, 37.806], [-122.457, 37.806], [-122.457, 37.806], [-122.457, 37.806], [-122.456, 37.806], [-122.456, 37.806], [-122.456, 37.806], [-122.456, 37.806], [-122.456, 37.806], [-122.454, 37.806], [-122.454, 37.806], [-122.454, 37.806], [-122.453, 37.806], [-122.452, 37.806], [-122.451, 37.806], [-122.45, 37.807], [-122.45, 37.807], [-122.45, 37.807], [-122.449, 37.807], [-122.449, 37.807], [-122.449, 37.807], [-122.449, 37.807], [-122.449, 37.807], [-122.448, 37.807], [-122.448, 37.807], [-122.448, 37.807], [-122.448, 37.807], [-122.448, 37.807], [-122.448, 37.807]]], [[[-122.453, 37.723], [-122.457, 37.724], [-122.462, 37.725], [-122.466, 37.726], [-122.466, 37.727], [-122.468, 37.728], [-122.468, 37.729], [-122.469, 37.73], [-122.47, 37.73], [-122.472, 37.731], [-122.472, 37.733], [-122.471, 37.735], [-122.471, 37.736], [-122.47, 37.737], [-122.469, 37.738], [-122.47, 37.739], [-122.47, 37.739], [-122.47, 37.739], [-122.47, 37.739], [-122.471, 37.747], [-122.469, 37.747], [-122.469, 37.749], [-122.466, 37.749], [-122.467, 37.753], [-122.463, 37.753], [-122.463, 37.752], [-122.462, 37.752], [-122.461, 37.752], [-122.461, 37.751], [-122.461, 37.75], [-122.461, 37.75], [-122.46, 37.749], [-122.459, 37.748], [-122.459, 37.748], [-122.459, 37.747], [-122.459, 37.747], [-122.458, 37.747], [-122.456, 37.746], [-122.455, 37.746], [-122.454, 37.746], [-122.452, 37.746], [-122.452, 37.746], [-122.452, 37.745], [-122.451, 37.745], [-122.45, 37.743], [-122.449, 37.743], [-122.448, 37.743], [-122.447, 37.742], [-122.446, 37.742], [-122.446, 37.741], [-122.445, 37.741], [-122.445, 37.741], [-122.444, 37.74], [-122.443, 37.74], [-122.442, 37.739], [-122.443, 37.739], [-122.442, 37.738], [-122.442, 37.737], [-122.443, 37.737], [-122.444, 37.736], [-122.444, 37.736], [-122.443, 37.736], [-122.442, 37.736], [-122.442, 37.736], [-122.442, 37.735], [-122.445, 37.735], [-122.446, 37.734], [-122.447, 37.734], [-122.448, 37.734], [-122.448, 37.734], [-122.453, 37.734], [-122.454, 37.733], [-122.453, 37.73], [-122.452, 37.73], [-122.452, 37.727], [-122.453, 37.724], [-122.453, 37.723]]], [[[-122.441, 37.717], [-122.438, 37.72], [-122.436, 37.724], [-122.435, 37.724], [-122.434, 37.725], [-122.433, 37.727], [-122.43, 37.73], [-122.428, 37.732], [-122.427, 37.732], [-122.425, 37.731], [-122.423, 37.731], [-122.421, 37.732], [-122.419, 37.732], [-122.415, 37.732], [-122.414, 37.733], [-122.412, 37.733], [-122.409, 37.734], [-122.407, 37.735], [-122.406, 37.735], [-122.403, 37.73], [-122.402, 37.726], [-122.401, 37.724], [-122.411, 37.722], [-122.424, 37.719], [-122.424, 37.719], [-122.423, 37.72], [-122.426, 37.72], [-122.426, 37.719], [-122.427, 37.719], [-122.426, 37.718], [-122.426, 37.718], [-122.426, 37.717], [-122.426, 37.716], [-122.431, 37.717], [-122.433, 37.715], [-122.433, 37.713], [-122.434, 37.713], [-122.438, 37.715], [-122.441, 37.716], [-122.441, 37.717]]]]}}, {"type": "Feature", "properties": {"name": "西雅图", "nameEn": "Seattle", "country": "美国", "level": "city"}, "geometry": {"type": "MultiPolygon", "coordinates": [[[[-122.382, 47.59], [-122.382, 47.591], [-122.383, 47.593], [-122.383, 47.593], [-122.383, 47.594], [-122.383, 47.594], [-122.383, 47.594], [-122.383, 47.594], [-122.383, 47.594], [-122.383, 47.594], [-122.383, 47.594], [-122.383, 47.594], [-122.383, 47.594], [-122.383, 47.594], [-122.383, 47.594], [-122.383, 47.594], [-122.382, 47.594], [-122.382, 47.594], [-122.382, 47.593], [-122.382, 47.593], [-122.382, 47.593], [-122.382, 47.593], [-122.382, 47.593], [-122.382, 47.593], [-122.382, 47.593], [-122.382, 47.593], [-122.382, 47.593], [-122.382, 47.593], [-122.382, 47.593], [-122.382, 47.593], [-122.382, 47.593], [-122.382, 47.593], [-122.382, 47.593], [-122.382, 47.593], [-122.382, 47.593], [-122.382, 47.593], [-122.382, 47.593], [-122.382, 47.593], [-122.382, 47.593], [-122.382, 47.593], [-122.382, 47.592], [-122.382, 47.592], [-122.382, 47.592], [-122.382, 47.592], [-122.382, 47.592], [-122.382, 47.592], [-122.382, 47.592], [-122.382, 47.592], [-122.382, 47.592], [-122.382, 47.592], [-122.382, 47.592], [-122.382, 47.592], [-122.382, 47.592], [-122.382, 47.591], [-122.382, 47.591], [-122.382, 47.591], [-122.382, 47.591], [-122.382, 47.591], [-122.382, 47.591], [-122.382, 47.591], [-122.382, 47.591], [-122.382, 47.591], [-122.382, 47.591], [-122.382, 47.591], [-122.382, 47.591], [-122.382, 47.591], [-122.382, 47.59], [-122.382, 47.59], [-122.382, 47.59], [-122.382, 47.59], [-122.382, 47.59], [-122.382, 47.59], [-122.382, 47.59], [-122.381, 47.59], [-122.381, 47.59], [-122.381, 47.59], [-122.381, 47.59], [-122.381, 47.59], [-122.381, 47.59], [-122.381, 47.59], [-122.381, 47.59], [-122.381, 47.59], [-122.381, 47.59], [-122.381, 47.59], [-122.38, 47.59], [-122.38, 47.59], [-122.38, 47.59], [-122.38, 47.59], [-122.38, 47.59], [-122.38, 47.589], [-122.38, 47.589], [-122.38, 47.589], [-122.38, 47.589], [-122.38, 47.589], [-122.38, 47.589], [-122.38, 47.589], [-122.38, 47.589], [-122.38, 47.589], [-122.38, 47.589], [-122.38, 47.589], [-122.38, 47.589], [-122.38, 47.589], [-122.38, 47.589], [-122.38, 47.589], [-122.38, 47.589], [-122.379, 47.589], [-122.379, 47.589], [-122.379, 47.589], [-122.379, 47.589], [-122.379, 47.588], [-122.379, 47.588], [-122.379, 47.588], [-122.379, 47.588], [-122.379, 47.588], [-122.379, 47.588], [-122.379, 47.588], [-122.379, 47.588], [-122.379, 47.588], [-122.379, 47.588], [-122.379, 47.588], [-122.379, 47.588], [-122.379, 47.588], [-122.378, 47.588], [-122.378, 47.588], [-122.378, 47.588], [-122.378, 47.588], [-122.378, 47.588], [-122.378, 47.588], [-122.378, 47.587], [-122.378, 47.587], [-122.378, 47.587], [-122.378, 47.587], [-122.378, 47.587], [-122.378, 47.587], [-122.378, 47.587], [-122.378, 47.587], [-122.377, 47.587], [-122.377, 47.587], [-122.377, 47.587], [-122.377, 47.587], [-122.377, 47.587], [-122.377, 47.587], [-122.377, 47.587], [-122.377, 47.587], [-122.377, 47.587], [-122.377, 47.587], [-122.377, 47.587], [-122.377, 47.587], [-122.376, 47.587], [-122.376, 47.587], [-122.376, 47.587], [-122.376, 47.587], [-122.376, 47.587], [-122.376, 47.587], [-122.376, 47.587], [-122.376, 47.586], [-122.376, 47.586], [-122.376, 47.586], [-122.376, 47.586], [-122.376, 47.586], [-122.375, 47.586], [-122.375, 47.586], [-122.375, 47.586], [-122.375, 47.586], [-122.375, 47.586], [-122.375, 47.586], [-122.375, 47.586], [-122.375, 47.585], [-122.374, 47.585], [-122.374, 47.585], [-122.374, 47.585], [-122.374, 47.584], [-122.373, 47.584], [-122.373, 47.584], [-122.373, 47.584], [-122.373, 47.584], [-122.373, 47.584], [-122.373, 47.584], [-122.373, 47.584], [-122.373, 47.584], [-122.373, 47.584], [-122.373, 47.584], [-122.373, 47.584], [-122.373, 47.584], [-122.372, 47.583], [-122.372, 47.583], [-122.372, 47.583], [-122.372, 47.583], [-122.372, 47.583], [-122.372, 47.583], [-122.371, 47.583], [-122.371, 47.583], [-122.371, 47.583], [-122.371, 47.583], [-122.37, 47.583], [-122.37, 47.583], [-122.37, 47.583], [-122.37, 47.583], [-122.37, 47.583], [-122.37, 47.583], [-122.37, 47.583], [-122.37, 47.584], [-122.37, 47.584], [-122.37, 47.584], [-122.37, 47.584], [-122.37, 47.584], [-122.369, 47.584], [-122.369, 47.584], [-122.369, 47.584], [-122.369, 47.584], [-122.369, 47.584], [-122.369, 47.584], [-122.369, 47.584], [-122.369, 47.584], [-122.369, 47.584], [-122.369, 47.585], [-122.369, 47.585], [-122.369, 47.585], [-122.369, 47.585], [-122.369, 47.585], [-122.369, 47.585], [-122.369, 47.585], [-122.369, 47.585], [-122.369, 47.585], [-122.369, 47.585], [-122.368, 47.585], [-122.368, 47.585], [-122.368, 47.585], [-122.368, 47.585], [-122.368, 47.585], [-122.368, 47.585], [-122.368, 47.585], [-122.368, 47.585], [-122.367, 47.585], [-122.367, 47.585], [-122.367, 47.585], [-122.367, 47.585], [-122.367, 47.585], [-122.367, 47.585], [-122.367, 47.585], [-122.367, 47.585], [-122.367, 47.585], [-122.367, 47.585], [-122.366, 47.585], [-122.366, 47.585], [-122.366, 47.585], [-122.366, 47.585], [-122.366, 47.585], [-122.366, 47.585], [-122.366, 47.585], [-122.366, 47.584], [-122.366, 47.584], [-122.366, 47.584], [-122.366, 47.584], [-122.365, 47.584], [-122.365, 47.584], [-122.365, 47.584], [-122.365, 47.584], [-122.365, 47.584], [-122.364, 47.584], [-122.364, 47.584], [-122.364, 47.584], [-122.364, 47.584], [-122.364, 47.584], [-122.364, 47.584], [-122.364, 47.584], [-122.364, 47.584], [-122.364, 47.584], [-122.363, 47.584], [-122.363, 47.584], [-122.363, 47.584], [-122.363, 47.584], [-122.363, 47.584], [-122.363, 47.584], [-122.362, 47.584], [-122.362, 47.584], [-122.362, 47.584], [-122.362, 47.584], [-122.362, 47.584], [-122.362, 47.584], [-122.362, 47.584], [-122.362, 47.584], [-122.362, 47.583], [-122.362, 47.583], [-122.362, 47.583], [-122.362, 47.583], [-122.362, 47.583], [-122.362, 47.583], [-122.362, 47.583], [-122.362, 47.583], [-122.362, 47.583], [-122.362, 47.583], [-122.362, 47.583], [-122.362, 47.582], [-122.362, 47.582], [-122.362, 47.582], [-122.362, 47.582], [-122.362, 47.582], [-122.362, 47.581], [-122.362, 47.581], [-122.362, 47.581], [-122.362, 47.581], [-122.362, 47.581], [-122.362, 47.581], [-122.362, 47.581], [-122.362, 47.581], [-122.362, 47.581], [-122.362, 47.581], [-122.362, 47.581], [-122.362, 47.581], [-122.362, 47.581], [-122.362, 47.581], [-122.362, 47.581], [-122.362, 47.581], [-122.361, 47.581], [-122.361, 47.58], [-122.361, 47.58], [-122.361, 47.58], [-122.361, 47.58], [-122.361, 47.58], [-122.361, 47.579], [-122.361, 47.579], [-122.361, 47.579], [-122.361, 47.578], [-122.361, 47.578], [-122.361, 47.578], [-122.361, 47.577], [-122.361, 47.577], [-122.361, 47.577], [-122.361, 47.576], [-122.361, 47.576], [-122.361, 47.576], [-122.361, 47.575], [-122.361, 47.575], [-122.361, 47.575], [-122.361, 47.575], [-122.361, 47.574], [-122.361, 47.574], [-122.361, 47.574], [-122.361, 47.574], [-122.361, 47.574], [-122.361, 47.574], [-122.361, 47.574], [-122.361, 47.574], [-122.361, 47.574], [-122.361, 47.574], [-122.36, 47.574], [-122.36, 47.574], [-122.36, 47.574], [-122.36, 47.574], [-122.36, 47.574], [-122.36, 47.574], [-122.36, 47.574], [-122.359, 47.574], [-122.359, 47.574], [-122.359, 47.574], [-122.358, 47.574], [-122.358, 47.574], [-122.358, 47.574], [-122.358, 47.574], [-122.358, 47.574], [-122.358, 47.574], [-122.358, 47.574], [-122.358, 47.574], [-122.358, 47.574], [-122.358, 47.574], [-122.358, 47.573], [-122.357, 47.573], [-122.357, 47.573], [-122.357, 47.573], [-122.357, 47.573], [-122.357, 47.573], [-122.357, 47.573], [-122.357, 47.573], [-122.357, 47.573], [-122.357, 47.573], [-122.356, 47.573], [-122.356, 47.573], [-122.356, 47.573], [-122.356, 47.573], [-122.356, 47.572], [-122.356, 47.572], [-122.356, 47.572], [-122.356, 47.572], [-122.356, 47.572], [-122.356, 47.572], [-122.356, 47.572], [-122.356, 47.572], [-122.356, 47.572], [-122.356, 47.572], [-122.356, 47.572], [-122.355, 47.572], [-122.355, 47.572], [-122.355, 47.572], [-122.355, 47.571], [-122.355, 47.571], [-122.355, 47.571], [-122.355, 47.571], [-122.354, 47.571], [-122.354, 47.571], [-122.354, 47.571], [-122.353, 47.571], [-122.353, 47.57], [-122.353, 47.57], [-122.353, 47.57], [-122.353, 47.57], [-122.353, 47.57], [-122.353, 47.57], [-122.353, 47.57], [-122.352, 47.57], [-122.352, 47.569], [-122.352, 47.569], [-122.352, 47.569], [-122.352, 47.569], [-122.351, 47.569], [-122.351, 47.569], [-122.351, 47.569], [-122.351, 47.569], [-122.351, 47.568], [-122.351, 47.568], [-122.351, 47.568], [-122.35, 47.568], [-122.35, 47.568], [-122.35, 47.568], [-122.35, 47.568], [-122.35, 47.568], [-122.35, 47.568], [-122.35, 47.567], [-122.35, 47.567], [-122.35, 47.567], [-122.35, 47.567], [-122.35, 47.567], [-122.35, 47.567], [-122.35, 47.567], [-122.35, 47.567], [-122.35, 47.567], [-122.35, 47.566], [-122.35, 47.566], [-122.35, 47.566], [-122.35, 47.566], [-122.35, 47.566], [-122.35, 47.566], [-122.35, 47.566], [-122.35, 47.566], [-122.35, 47.566], [-122.35, 47.566], [-122.35, 47.566], [-122.35, 47.565], [-122.35, 47.565], [-122.349, 47.565], [-122.35, 47.565], [-122.349, 47.565], [-122.349, 47.565], [-122.349, 47.565], [-122.349, 47.565], [-122.349, 47.564], [-122.348, 47.564], [-122.348, 47.564], [-122.348, 47.563], [-122.348, 47.563], [-122.348, 47.563], [-122.349, 47.563], [-122.349, 47.562], [-122.349, 47.562], [-122.349, 47.562], [-122.349, 47.562], [-122.349, 47.562], [-122.349, 47.562], [-122.35, 47.562], [-122.35, 47.562], [-122.35, 47.562], [-122.35, 47.562], [-122.35, 47.562], [-122.35, 47.562], [-122.35, 47.562], [-122.35, 47.562], [-122.35, 47.562], [-122.35, 47.562], [-122.35, 47.562], [-122.35, 47.562], [-122.35, 47.561], [-122.35, 47.561], [-122.35, 47.561], [-122.35, 47.561], [-122.35, 47.561], [-122.35, 47.561], [-122.35, 47.561], [-122.35, 47.561], [-122.35, 47.561], [-122.35, 47.561], [-122.35, 47.56], [-122.35, 47.56], [-122.35, 47.56], [-122.35, 47.56], [-122.35, 47.56], [-122.35, 47.56], [-122.35, 47.559], [-122.35, 47.559], [-122.35, 47.559], [-122.35, 47.559], [-122.35, 47.559], [-122.35, 47.559], [-122.35, 47.559], [-122.35, 47.559], [-122.35, 47.559], [-122.35, 47.559], [-122.35, 47.558], [-122.35, 47.558], [-122.35, 47.558], [-122.35, 47.558], [-122.35, 47.558], [-122.35, 47.558], [-122.35, 47.558], [-122.35, 47.558], [-122.35, 47.558], [-122.35, 47.558], [-122.35, 47.558], [-122.35, 47.558], [-122.35, 47.558], [-122.35, 47.557], [-122.35, 47.557], [-122.35, 47.557], [-122.35, 47.557], [-122.35, 47.557], [-122.35, 47.557], [-122.35, 47.557], [-122.35, 47.557], [-122.35, 47.557], [-122.349, 47.557], [-122.349, 47.557], [-122.349, 47.557], [-122.349, 47.556], [-122.349, 47.556], [-122.349, 47.556], [-122.349, 47.556], [-122.349, 47.556], [-122.349, 47.556], [-122.349, 47.556], [-122.349, 47.556], [-122.349, 47.556], [-122.349, 47.556], [-122.349, 47.556], [-122.349, 47.556], [-122.348, 47.556], [-122.348, 47.556], [-122.348, 47.556], [-122.348, 47.556], [-122.348, 47.556], [-122.348, 47.556], [-122.348, 47.556], [-122.348, 47.555], [-122.348, 47.555], [-122.347, 47.555], [-122.347, 47.555], [-122.347, 47.555], [-122.347, 47.555], [-122.347, 47.555], [-122.346, 47.555], [-122.346, 47.555], [-122.346, 47.555], [-122.346, 47.555], [-122.346, 47.555], [-122.345, 47.555], [-122.345, 47.555], [-122.345, 47.555], [-122.345, 47.555], [-122.344, 47.555], [-122.344, 47.555], [-122.344, 47.555], [-122.344, 47.555], [-122.344, 47.555], [-122.344, 47.555], [-122.344, 47.555], [-122.343, 47.553], [-122.342, 47.552], [-122.342, 47.552], [-122.342, 47.552], [-122.342, 47.551], [-122.342, 47.551], [-122.342, 47.551], [-122.342, 47.551], [-122.342, 47.551], [-122.342, 47.551], [-122.341, 47.551], [-122.341, 47.551], [-122.341, 47.551], [-122.341, 47.551], [-122.341, 47.551], [-122.341, 47.551], [-122.341, 47.551], [-122.341, 47.551], [-122.341, 47.551], [-122.341, 47.551], [-122.341, 47.55], [-122.341, 47.55], [-122.341, 47.55], [-122.341, 47.55], [-122.341, 47.55], [-122.341, 47.55], [-122.341, 47.55], [-122.341, 47.55], [-122.341, 47.55], [-122.341, 47.55], [-122.341, 47.55], [-122.341, 47.55], [-122.341, 47.55], [-122.341, 47.55], [-122.341, 47.55], [-122.342, 47.55], [-122.342, 47.55], [-122.342, 47.55], [-122.342, 47.549], [-122.342, 47.549], [-122.342, 47.549], [-122.342, 47.549], [-122.342, 47.549], [-122.342, 47.549], [-122.342, 47.549], [-122.342, 47.549], [-122.342, 47.549], [-122.342, 47.549], [-122.342, 47.549], [-122.342, 47.549], [-122.342, 47.549], [-122.342, 47.548], [-122.343, 47.548], [-122.343, 47.548], [-122.343, 47.548], [-122.342, 47.548], [-122.342, 47.548], [-122.342, 47.548], [-122.342, 47.548], [-122.342, 47.548], [-122.342, 47.548], [-122.342, 47.548], [-122.342, 47.548], [-122.341, 47.548], [-122.341, 47.548], [-122.341, 47.548], [-122.341, 47.548], [-122.341, 47.548], [-122.341, 47.548], [-122.341, 47.548], [-122.34, 47.548], [-122.34, 47.548], [-122.34, 47.548], [-122.34, 47.548], [-122.34, 47.548], [-122.34, 47.547], [-122.34, 47.547], [-122.339, 47.547], [-122.339, 47.547], [-122.339, 47.546], [-122.339, 47.546], [-122.339, 47.546], [-122.339, 47.545], [-122.339, 47.545], [-122.338, 47.545], [-122.339, 47.545], [-122.339, 47.545], [-122.339, 47.545], [-122.339, 47.545], [-122.339, 47.545], [-122.339, 47.544], [-122.339, 47.544], [-122.339, 47.544], [-122.339, 47.544], [-122.338, 47.544], [-122.338, 47.544], [-122.338, 47.544], [-122.338, 47.544], [-122.338, 47.544], [-122.338, 47.544], [-122.338, 47.544], [-122.338, 47.544], [-122.338, 47.544], [-122.338, 47.544], [-122.338, 47.544], [-122.338, 47.544], [-122.338, 47.544], [-122.338, 47.544], [-122.338, 47.544], [-122.337, 47.544], [-122.337, 47.543], [-122.337, 47.543], [-122.337, 47.543], [-122.337, 47.543], [-122.337, 47.543], [-122.337, 47.543], [-122.336, 47.543], [-122.336, 47.543], [-122.336, 47.543], [-122.336, 47.542], [-122.336, 47.542], [-122.336, 47.542], [-122.336, 47.542], [-122.336, 47.542], [-122.336, 47.542], [-122.336, 47.542], [-122.336, 47.542], [-122.335, 47.542], [-122.336, 47.542], [-122.336, 47.542], [-122.336, 47.542], [-122.336, 47.542], [-122.336, 47.542], [-122.336, 47.541], [-122.336, 47.541], [-122.336, 47.541], [-122.336, 47.541], [-122.336, 47.541], [-122.336, 47.541], [-122.336, 47.541], [-122.336, 47.541], [-122.336, 47.541], [-122.337, 47.541], [-122.337, 47.541], [-122.337, 47.541], [-122.337, 47.541], [-122.337, 47.541], [-122.337, 47.541], [-122.337, 47.541], [-122.337, 47.541], [-122.337, 47.541], [-122.337, 47.541], [-122.337, 47.541], [-122.342, 47.54], [-122.344, 47.541], [-122.345, 47.545], [-122.346, 47.55], [-122.346, 47.553], [-122.347, 47.553], [-122.347, 47.553], [-122.347, 47.553], [-122.347, 47.553], [-122.347, 47.553], [-122.347, 47.553], [-122.347, 47.553], [-122.347, 47.553], [-122.347, 47.553], [-122.347, 47.553], [-122.347, 47.553], [-122.347, 47.553], [-122.347, 47.553], [-122.347, 47.553], [-122.347, 47.553], [-122.347, 47.553], [-122.347, 47.553], [-122.347, 47.553], [-122.347, 47.553], [-122.347, 47.554], [-122.347, 47.554], [-122.347, 47.554], [-122.347, 47.554], [-122.347, 47.554], [-122.347, 47.554], [-122.347, 47.554], [-122.347, 47.554], [-122.347, 47.554], [-122.347, 47.554], [-122.349, 47.555], [-122.35, 47.556], [-122.35, 47.556], [-122.35, 47.556], [-122.351, 47.556], [-122.351, 47.556], [-122.351, 47.557], [-122.351, 47.557], [-122.351, 47.557], [-122.351, 47.557], [-122.351, 47.557], [-122.351, 47.557], [-122.351, 47.557], [-122.351, 47.557], [-122.351, 47.557], [-122.351, 47.557], [-122.351, 47.557], [-122.351, 47.557], [-122.351, 47.557], [-122.351, 47.557], [-122.352, 47.557], [-122.352, 47.557], [-122.352, 47.557], [-122.352, 47.558], [-122.352, 47.558], [-122.352, 47.558], [-122.352, 47.558], [-122.352, 47.558], [-122.352, 47.558], [-122.352, 47.558], [-122.352, 47.558], [-122.352, 47.558], [-122.352, 47.558], [-122.352, 47.558], [-122.352, 47.558], [-122.352, 47.558], [-122.352, 47.559], [-122.352, 47.56], [-122.352, 47.561], [-122.352, 47.561], [-122.352, 47.561], [-122.352, 47.561], [-122.352, 47.561], [-122.352, 47.561], [-122.352, 47.562], [-122.352, 47.562], [-122.352, 47.562], [-122.352, 47.562], [-122.352, 47.562], [-122.352, 47.563], [-122.353, 47.564], [-122.353, 47.566], [-122.353, 47.567], [-122.354, 47.567], [-122.355, 47.568], [-122.356, 47.571], [-122.356, 47.571], [-122.357, 47.571], [-122.358, 47.571], [-122.358, 47.571], [-122.359, 47.571], [-122.359, 47.571], [-122.359, 47.571], [-122.359, 47.571], [-122.359, 47.571], [-122.359, 47.571], [-122.359, 47.571], [-122.359, 47.571], [-122.359, 47.571], [-122.359, 47.571], [-122.359, 47.571], [-122.36, 47.571], [-122.36, 47.571], [-122.36, 47.571], [-122.36, 47.571], [-122.36, 47.571], [-122.36, 47.571], [-122.36, 47.571], [-122.36, 47.571], [-122.36, 47.571], [-122.36, 47.572], [-122.36, 47.572], [-122.36, 47.572], [-122.36, 47.572], [-122.361, 47.572], [-122.361, 47.572], [-122.361, 47.572], [-122.361, 47.572], [-122.361, 47.572], [-122.361, 47.572], [-122.361, 47.572], [-122.363, 47.572], [-122.365, 47.572], [-122.368, 47.572], [-122.369, 47.572], [-122.37, 47.572], [-122.371, 47.571], [-122.371, 47.572], [-122.371, 47.572], [-122.371, 47.572], [-122.371, 47.572], [-122.371, 47.572], [-122.371, 47.572], [-122.371, 47.572], [-122.371, 47.572], [-122.371, 47.572], [-122.371, 47.572], [-122.371, 47.572], [-122.371, 47.573], [-122.371, 47.574], [-122.371, 47.576], [-122.371, 47.577], [-122.373, 47.579], [-122.373, 47.579], [-122.373, 47.579], [-122.373, 47.579], [-122.373, 47.579], [-122.373, 47.579], [-122.373, 47.579], [-122.373, 47.579], [-122.373, 47.579], [-122.373, 47.579], [-122.373, 47.58], [-122.373, 47.581], [-122.373, 47.582], [-122.373, 47.582], [-122.375, 47.584], [-122.376, 47.586], [-122.377, 47.586], [-122.38, 47.589], [-122.382, 47.59]]], [[[-122.397, 47.665], [-122.397, 47.665], [-122.397, 47.665], [-122.397, 47.665], [-122.397, 47.665], [-122.397, 47.665], [-122.397, 47.664], [-122.397, 47.664], [-122.397, 47.664], [-122.397, 47.664], [-122.397, 47.664], [-122.397, 47.664], [-122.397, 47.664], [-122.396, 47.664], [-122.396, 47.664], [-122.396, 47.664], [-122.396, 47.664], [-122.396, 47.664], [-122.396, 47.664], [-122.396, 47.664], [-122.396, 47.664], [-122.396, 47.664], [-122.396, 47.664], [-122.395, 47.663], [-122.395, 47.663], [-122.395, 47.663], [-122.395, 47.663], [-122.395, 47.663], [-122.395, 47.663], [-122.395, 47.663], [-122.395, 47.663], [-122.394, 47.663], [-122.394, 47.663], [-122.394, 47.663], [-122.394, 47.663], [-122.394, 47.663], [-122.394, 47.663], [-122.394, 47.663], [-122.394, 47.663], [-122.394, 47.663], [-122.394, 47.663], [-122.394, 47.663], [-122.393, 47.663], [-122.393, 47.663], [-122.393, 47.663], [-122.393, 47.663], [-122.393, 47.663], [-122.393, 47.663], [-122.393, 47.663], [-122.392, 47.663], [-122.392, 47.663], [-122.392, 47.663], [-122.392, 47.663], [-122.391, 47.663], [-122.391, 47.663], [-122.391, 47.663], [-122.391, 47.663], [-122.39, 47.663], [-122.39, 47.663], [-122.39, 47.663], [-122.39, 47.663], [-122.39, 47.663], [-122.39, 47.663], [-122.39, 47.663], [-122.389, 47.663], [-122.389, 47.663], [-122.389, 47.663], [-122.389, 47.663], [-122.389, 47.663], [-122.389, 47.663], [-122.388, 47.663], [-122.388, 47.663], [-122.388, 47.663], [-122.388, 47.663], [-122.388, 47.663], [-122.387, 47.662], [-122.387, 47.662], [-122.387, 47.662], [-122.387, 47.662], [-122.387, 47.662], [-122.387, 47.662], [-122.387, 47.662], [-122.386, 47.662], [-122.386, 47.662], [-122.386, 47.662], [-122.386, 47.662], [-122.386, 47.662], [-122.386, 47.662], [-122.386, 47.662], [-122.386, 47.662], [-122.386, 47.662], [-122.385, 47.662], [-122.385, 47.662], [-122.385, 47.661], [-122.385, 47.661], [-122.385, 47.661], [-122.385, 47.661], [-122.385, 47.661], [-122.385, 47.661], [-122.385, 47.661], [-122.384, 47.661], [-122.384, 47.661], [-122.384, 47.661], [-122.384, 47.661], [-122.384, 47.661], [-122.384, 47.66], [-122.384, 47.66], [-122.384, 47.66], [-122.384, 47.66], [-122.383, 47.66], [-122.383, 47.66], [-122.383, 47.66], [-122.383, 47.66], [-122.383, 47.66], [-122.383, 47.66], [-122.383, 47.66], [-122.382, 47.66], [-122.382, 47.659], [-122.382, 47.659], [-122.382, 47.659], [-122.382, 47.659], [-122.382, 47.659], [-122.381, 47.659], [-122.381, 47.659], [-122.38, 47.659], [-122.38, 47.659], [-122.379, 47.659], [-122.379, 47.659], [-122.379, 47.659], [-122.378, 47.659], [-122.378, 47.659], [-122.379, 47.659], [-122.379, 47.659], [-122.379, 47.659], [-122.379, 47.659], [-122.379, 47.659], [-122.38, 47.659], [-122.38, 47.659], [-122.38, 47.659], [-122.381, 47.659], [-122.381, 47.659], [-122.381, 47.659], [-122.382, 47.659], [-122.382, 47.659], [-122.382, 47.659], [-122.382, 47.659], [-122.382, 47.659], [-122.382, 47.658], [-122.382, 47.658], [-122.382, 47.658], [-122.382, 47.658], [-122.382, 47.657], [-122.382, 47.657], [-122.382, 47.657], [-122.382, 47.657], [-122.382, 47.657], [-122.382, 47.656], [-122.382, 47.656], [-122.382, 47.656], [-122.382, 47.656], [-122.382, 47.656], [-122.382, 47.656], [-122.382, 47.656], [-122.382, 47.656], [-122.381, 47.656], [-122.381, 47.656], [-122.381, 47.656], [-122.381, 47.656], [-122.38, 47.656], [-122.38, 47.656], [-122.38, 47.656], [-122.38, 47.656], [-122.38, 47.656], [-122.379, 47.656], [-122.379, 47.656], [-122.379, 47.656], [-122.379, 47.656], [-122.379, 47.656], [-122.378, 47.656], [-122.378, 47.656], [-122.378, 47.656], [-122.378, 47.656], [-122.378, 47.657], [-122.378, 47.657], [-122.378, 47.657], [-122.378, 47.657], [-122.378, 47.656], [-122.378, 47.656], [-122.377, 47.656], [-122.377, 47.656], [-122.377, 47.656], [-122.377, 47.657], [-122.377, 47.657], [-122.377, 47.657], [-122.377, 47.657], [-122.377, 47.656], [-122.377, 47.656], [-122.377, 47.656], [-122.377, 47.656], [-122.377, 47.656], [-122.377, 47.656], [-122.376, 47.656], [-122.376, 47.656], [-122.376, 47.656], [-122.376, 47.655], [-122.376, 47.654], [-122.376, 47.653], [-122.376, 47.653], [-122.376, 47.65], [-122.376, 47.647], [-122.376, 47.646], [-122.376, 47.645], [-122.376, 47.644], [-122.376, 47.643], [-122.376, 47.642], [-122.376, 47.64], [-122.376, 47.639], [-122.376, 47.637], [-122.376, 47.635], [-122.376, 47.634], [-122.376, 47.633], [-122.376, 47.633], [-122.376, 47.633], [-122.376, 47.633], [-122.376, 47.633], [-122.376, 47.633], [-122.376, 47.633], [-122.376, 47.633], [-122.376, 47.633], [-122.376, 47.633], [-122.376, 47.633], [-122.376, 47.633], [-122.376, 47.633], [-122.376, 47.633], [-122.376, 47.633], [-122.376, 47.633], [-122.376, 47.633], [-122.376, 47.633], [-122.376, 47.633], [-122.376, 47.632], [-122.376, 47.632], [-122.376, 47.632], [-122.376, 47.632], [-122.376, 47.632], [-122.375, 47.631], [-122.373, 47.63], [-122.372, 47.629], [-122.37, 47.628], [-122.369, 47.627], [-122.367, 47.625], [-122.364, 47.623], [-122.36, 47.62], [-122.359, 47.619], [-122.359, 47.619], [-122.36, 47.619], [-122.361, 47.619], [-122.361, 47.619], [-122.361, 47.619], [-122.361, 47.619], [-122.361, 47.619], [-122.362, 47.619], [-122.362, 47.619], [-122.362, 47.619], [-122.362, 47.619], [-122.362, 47.619], [-122.362, 47.62], [-122.362, 47.62], [-122.362, 47.62], [-122.362, 47.62], [-122.363, 47.62], [-122.363, 47.62], [-122.363, 47.62], [-122.363, 47.62], [-122.363, 47.62], [-122.363, 47.62], [-122.364, 47.62], [-122.364, 47.621], [-122.364, 47.621], [-122.364, 47.621], [-122.364, 47.621], [-122.365, 47.621], [-122.365, 47.621], [-122.365, 47.621], [-122.365, 47.621], [-122.365, 47.621], [-122.365, 47.621], [-122.365, 47.621], [-122.365, 47.621], [-122.365, 47.621], [-122.365, 47.622], [-122.365, 47.622], [-122.366, 47.622], [-122.366, 47.622], [-122.366, 47.622], [-122.366, 47.622], [-122.366, 47.622], [-122.366, 47.622], [-122.366, 47.622], [-122.366, 47.622], [-122.366, 47.622], [-122.366, 47.622], [-122.366, 47.622], [-122.366, 47.622], [-122.367, 47.622], [-122.367, 47.623], [-122.367, 47.623], [-122.367, 47.623], [-122.367, 47.623], [-122.367, 47.623], [-122.367, 47.623], [-122.367, 47.623], [-122.367, 47.623], [-122.367, 47.623], [-122.367, 47.623], [-122.367, 47.623], [-122.368, 47.623], [-122.368, 47.623], [-122.368, 47.623], [-122.368, 47.623], [-122.368, 47.623], [-122.368, 47.623], [-122.368, 47.624], [-122.368, 47.624], [-122.368, 47.624], [-122.368, 47.624], [-122.368, 47.624], [-122.368, 47.624], [-122.369, 47.624], [-122.369, 47.624], [-122.369, 47.624], [-122.369, 47.624], [-122.369, 47.624], [-122.369, 47.624], [-122.369, 47.624], [-122.369, 47.624], [-122.369, 47.624], [-122.37, 47.624], [-122.37, 47.625], [-122.37, 47.625], [-122.37, 47.625], [-122.37, 47.625], [-122.37, 47.625], [-122.37, 47.625], [-122.37, 47.625], [-122.371, 47.625], [-122.371, 47.625], [-122.371, 47.625], [-122.371, 47.625], [-122.371, 47.625], [-122.371, 47.625], [-122.371, 47.625], [-122.371, 47.625], [-122.371, 47.625], [-122.371, 47.625], [-122.371, 47.625], [-122.371, 47.625], [-122.372, 47.625], [-122.372, 47.625], [-122.372, 47.625], [-122.372, 47.625], [-122.372, 47.625], [-122.372, 47.626], [-122.372, 47.626], [-122.372, 47.626], [-122.373, 47.626], [-122.373, 47.626], [-122.373, 47.626], [-122.373, 47.626], [-122.373, 47.626], [-122.373, 47.626], [-122.373, 47.626], [-122.373, 47.626], [-122.373, 47.626], [-122.373, 47.626], [-122.374, 47.626], [-122.374, 47.626], [-122.374, 47.626], [-122.374, 47.626], [-122.374, 47.626], [-122.374, 47.626], [-122.374, 47.626], [-122.374, 47.626], [-122.374, 47.626], [-122.374, 47.626], [-122.375, 47.626], [-122.375, 47.626], [-122.375, 47.626], [-122.375, 47.626], [-122.375, 47.626], [-122.375, 47.626], [-122.375, 47.626], [-122.376, 47.626], [-122.376, 47.626], [-122.376, 47.627], [-122.376, 47.627], [-122.376, 47.627], [-122.376, 47.627], [-122.376, 47.627], [-122.376, 47.627], [-122.376, 47.627], [-122.376, 47.627], [-122.376, 47.627], [-122.377, 47.627], [-122.377, 47.627], [-122.377, 47.627], [-122.377, 47.627], [-122.377, 47.627], [-122.377, 47.627], [-122.377, 47.627], [-122.377, 47.627], [-122.377, 47.627], [-122.378, 47.627], [-122.378, 47.627], [-122.378, 47.627], [-122.378, 47.627], [-122.378, 47.627], [-122.378, 47.627], [-122.378, 47.627], [-122.378, 47.627], [-122.378, 47.627], [-122.378, 47.627], [-122.378, 47.628], [-122.378, 47.628], [-122.378, 47.628], [-122.378, 47.628], [-122.378, 47.628], [-122.378, 47.628], [-122.378, 47.628], [-122.378, 47.628], [-122.378, 47.628], [-122.378, 47.628], [-122.378, 47.628], [-122.378, 47.629], [-122.378, 47.629], [-122.378, 47.629], [-122.378, 47.629], [-122.378, 47.629], [-122.378, 47.629], [-122.378, 47.629], [-122.378, 47.629], [-122.378, 47.629], [-122.378, 47.629], [-122.378, 47.629], [-122.378, 47.629], [-122.378, 47.629], [-122.378, 47.629], [-122.378, 47.63], [-122.378, 47.63], [-122.378, 47.63], [-122.378, 47.63], [-122.378, 47.63], [-122.378, 47.63], [-122.378, 47.63], [-122.378, 47.63], [-122.378, 47.63], [-122.378, 47.63], [-122.378, 47.63], [-122.378, 47.63], [-122.378, 47.63], [-122.378, 47.63], [-122.378, 47.63], [-122.378, 47.631], [-122.378, 47.631], [-122.378, 47.631], [-122.378, 47.631], [-122.378, 47.631], [-122.378, 47.631], [-122.378, 47.631], [-122.378, 47.631], [-122.378, 47.631], [-122.378, 47.631], [-122.378, 47.631], [-122.378, 47.631], [-122.378, 47.631], [-122.378, 47.632], [-122.378, 47.632], [-122.378, 47.632], [-122.378, 47.632], [-122.378, 47.632], [-122.378, 47.632], [-122.378, 47.632], [-122.378, 47.632], [-122.378, 47.632], [-122.378, 47.632], [-122.378, 47.632], [-122.378, 47.632], [-122.378, 47.632], [-122.378, 47.632], [-122.378, 47.633], [-122.378, 47.633], [-122.379, 47.633], [-122.379, 47.633], [-122.379, 47.633], [-122.379, 47.633], [-122.379, 47.633], [-122.379, 47.633], [-122.379, 47.633], [-122.379, 47.633], [-122.379, 47.633], [-122.379, 47.633], [-122.379, 47.633], [-122.379, 47.633], [-122.379, 47.633], [-122.379, 47.633], [-122.38, 47.633], [-122.38, 47.633], [-122.38, 47.633], [-122.38, 47.633], [-122.38, 47.633], [-122.38, 47.633], [-122.38, 47.633], [-122.38, 47.633], [-122.38, 47.633], [-122.38, 47.632], [-122.38, 47.632], [-122.38, 47.632], [-122.379, 47.632], [-122.379, 47.632], [-122.379, 47.632], [-122.379, 47.632], [-122.379, 47.632], [-122.379, 47.632], [-122.379, 47.632], [-122.379, 47.632], [-122.379, 47.632], [-122.379, 47.632], [-122.379, 47.632], [-122.379, 47.632], [-122.379, 47.632], [-122.379, 47.632], [-122.379, 47.631], [-122.379, 47.631], [-122.379, 47.631], [-122.379, 47.631], [-122.379, 47.631], [-122.379, 47.631], [-122.379, 47.631], [-122.379, 47.631], [-122.379, 47.631], [-122.379, 47.631], [-122.379, 47.631], [-122.379, 47.63], [-122.379, 47.63], [-122.379, 47.63], [-122.379, 47.63], [-122.379, 47.63], [-122.379, 47.63], [-122.379, 47.63], [-122.379, 47.63], [-122.379, 47.63], [-122.379, 47.63], [-122.379, 47.63], [-122.379, 47.63], [-122.379, 47.63], [-122.379, 47.629], [-122.379, 47.629], [-122.379, 47.629], [-122.379, 47.629], [-122.379, 47.629], [-122.379, 47.629], [-122.379, 47.629], [-122.379, 47.629], [-122.379, 47.629], [-122.379, 47.629], [-122.379, 47.629], [-122.379, 47.628], [-122.379, 47.628], [-122.379, 47.628], [-122.379, 47.628], [-122.379, 47.628], [-122.379, 47.628], [-122.379, 47.628], [-122.379, 47.628], [-122.379, 47.628], [-122.379, 47.628], [-122.379, 47.628], [-122.379, 47.627], [-122.379, 47.627], [-122.379, 47.627], [-122.379, 47.627], [-122.379, 47.627], [-122.379, 47.627], [-122.379, 47.627], [-122.379, 47.627], [-122.379, 47.627], [-122.379, 47.627], [-122.379, 47.627], [-122.379, 47.626], [-122.38, 47.626], [-122.38, 47.626], [-122.38, 47.626], [-122.38, 47.626], [-122.38, 47.626], [-122.38, 47.626], [-122.38, 47.626], [-122.38, 47.626], [-122.381, 47.626], [-122.381, 47.626], [-122.381, 47.627], [-122.381, 47.627], [-122.381, 47.627], [-122.381, 47.627], [-122.381, 47.627], [-122.381, 47.627], [-122.381, 47.627], [-122.381, 47.627], [-122.381, 47.627], [-122.381, 47.627], [-122.381, 47.627], [-122.381, 47.627], [-122.381, 47.628], [-122.381, 47.628], [-122.381, 47.628], [-122.381, 47.628], [-122.381, 47.628], [-122.381, 47.628], [-122.381, 47.628], [-122.381, 47.628], [-122.381, 47.628], [-122.381, 47.628], [-122.381, 47.628], [-122.381, 47.628], [-122.381, 47.629], [-122.381, 47.629], [-122.381, 47.629], [-122.381, 47.629], [-122.381, 47.629], [-122.381, 47.629], [-122.381, 47.629], [-122.381, 47.629], [-122.381, 47.629], [-122.381, 47.629], [-122.381, 47.629], [-122.381, 47.629], [-122.381, 47.63], [-122.381, 47.63], [-122.381, 47.63], [-122.381, 47.63], [-122.381, 47.63], [-122.381, 47.63], [-122.381, 47.63], [-122.381, 47.63], [-122.381, 47.63], [-122.381, 47.63], [-122.381, 47.63], [-122.381, 47.63], [-122.381, 47.63], [-122.381, 47.631], [-122.381, 47.631], [-122.381, 47.631], [-122.381, 47.631], [-122.381, 47.631], [-122.381, 47.631], [-122.381, 47.631], [-122.381, 47.631], [-122.381, 47.631], [-122.381, 47.632], [-122.381, 47.632], [-122.381, 47.632], [-122.38, 47.632], [-122.38, 47.632], [-122.381, 47.632], [-122.381, 47.632], [-122.381, 47.632], [-122.381, 47.632], [-122.381, 47.632], [-122.381, 47.632], [-122.381, 47.632], [-122.381, 47.632], [-122.381, 47.632], [-122.382, 47.632], [-122.382, 47.632], [-122.382, 47.632], [-122.382, 47.632], [-122.382, 47.632], [-122.382, 47.632], [-122.382, 47.632], [-122.382, 47.632], [-122.382, 47.632], [-122.382, 47.632], [-122.382, 47.632], [-122.382, 47.632], [-122.382, 47.632], [-122.382, 47.632], [-122.382, 47.631], [-122.382, 47.631], [-122.382, 47.631], [-122.382, 47.631], [-122.382, 47.631], [-122.382, 47.631], [-122.382, 47.631], [-122.382, 47.631], [-122.382, 47.631], [-122.382, 47.631], [-122.382, 47.631], [-122.382, 47.631], [-122.382, 47.63], [-122.382, 47.63], [-122.382, 47.63], [-122.382, 47.63], [-122.382, 47.63], [-122.382, 47.63], [-122.382, 47.63], [-122.382, 47.63], [-122.382, 47.63], [-122.382, 47.63], [-122.382, 47.63], [-122.382, 47.63], [-122.382, 47.63], [-122.382, 47.63], [-122.382, 47.629], [-122.382, 47.629], [-122.382, 47.629], [-122.382, 47.629], [-122.382, 47.629], [-122.382, 47.629], [-122.382, 47.629], [-122.382, 47.629], [-122.382, 47.629], [-122.382, 47.629], [-122.382, 47.629], [-122.382, 47.629], [-122.382, 47.628], [-122.382, 47.628], [-122.382, 47.628], [-122.382, 47.628], [-122.382, 47.628], [-122.382, 47.628], [-122.382, 47.628], [-122.382, 47.628], [-122.382, 47.628], [-122.382, 47.628], [-122.382, 47.628], [-122.382, 47.628], [-122.382, 47.628], [-122.382, 47.627], [-122.382, 47.627], [-122.382, 47.627], [-122.382, 47.627], [-122.382, 47.627], [-122.382, 47.627], [-122.382, 47.627], [-122.382, 47.627], [-122.382, 47.627], [-122.382, 47.627], [-122.382, 47.627], [-122.382, 47.627], [-122.382, 47.627], [-122.382, 47.627], [-122.382, 47.626], [-122.382, 47.626], [-122.382, 47.626], [-122.382, 47.626], [-122.382, 47.626], [-122.383, 47.626], [-122.383, 47.626], [-122.383, 47.626], [-122.383, 47.626], [-122.383, 47.626], [-122.383, 47.626], [-122.383, 47.626], [-122.383, 47.626], [-122.383, 47.626], [-122.383, 47.626], [-122.384, 47.626], [-122.384, 47.626], [-122.384, 47.627], [-122.384, 47.627], [-122.384, 47.627], [-122.384, 47.627], [-122.384, 47.627], [-122.384, 47.627], [-122.384, 47.627], [-122.384, 47.627], [-122.384, 47.627], [-122.384, 47.627], [-122.384, 47.627], [-122.384, 47.627], [-122.384, 47.627], [-122.384, 47.627], [-122.384, 47.628], [-122.384, 47.628], [-122.384, 47.628], [-122.384, 47.628], [-122.384, 47.628], [-122.384, 47.628], [-122.384, 47.628], [-122.384, 47.628], [-122.384, 47.628], [-122.384, 47.628], [-122.384, 47.629], [-122.384, 47.629], [-122.384, 47.629], [-122.384, 47.629], [-122.384, 47.629], [-122.384, 47.629], [-122.384, 47.629], [-122.384, 47.629], [-122.384, 47.629], [-122.384, 47.629], [-122.384, 47.629], [-122.384, 47.63], [-122.384, 47.63], [-122.384, 47.63], [-122.384, 47.63], [-122.384, 47.63], [-122.384, 47.63], [-122.384, 47.63], [-122.384, 47.63], [-122.384, 47.63], [-122.384, 47.63], [-122.384, 47.63], [-122.384, 47.63], [-122.384, 47.63], [-122.384, 47.63], [-122.384, 47.63], [-122.384, 47.631], [-122.384, 47.631], [-122.384, 47.631], [-122.384, 47.631], [-122.384, 47.631], [-122.384, 47.631], [-122.384, 47.631], [-122.384, 47.631], [-122.384, 47.631], [-122.384, 47.631], [-122.384, 47.631], [-122.384, 47.632], [-122.384, 47.632], [-122.384, 47.632], [-122.384, 47.632], [-122.384, 47.632], [-122.384, 47.632], [-122.384, 47.632], [-122.384, 47.632], [-122.384, 47.632], [-122.384, 47.632], [-122.384, 47.632], [-122.384, 47.632], [-122.384, 47.632], [-122.384, 47.633], [-122.384, 47.633], [-122.384, 47.633], [-122.384, 47.633], [-122.384, 47.633], [-122.384, 47.633], [-122.384, 47.633], [-122.384, 47.633], [-122.384, 47.633], [-122.384, 47.633], [-122.384, 47.633], [-122.384, 47.633], [-122.384, 47.633], [-122.384, 47.633], [-122.384, 47.633], [-122.385, 47.633], [-122.385, 47.633], [-122.385, 47.633], [-122.385, 47.633], [-122.385, 47.633], [-122.385, 47.633], [-122.385, 47.633], [-122.385, 47.633], [-122.385, 47.633], [-122.385, 47.633], [-122.385, 47.633], [-122.385, 47.633], [-122.385, 47.633], [-122.385, 47.633], [-122.385, 47.633], [-122.385, 47.633], [-122.385, 47.632], [-122.385, 47.632], [-122.385, 47.632], [-122.385, 47.632], [-122.385, 47.632], [-122.385, 47.632], [-122.385, 47.632], [-122.385, 47.632], [-122.385, 47.632], [-122.385, 47.632], [-122.385, 47.632], [-122.385, 47.632], [-122.386, 47.632], [-122.386, 47.632], [-122.386, 47.632], [-122.386, 47.632], [-122.386, 47.632], [-122.386, 47.632], [-122.386, 47.632], [-122.386, 47.632], [-122.386, 47.632], [-122.387, 47.632], [-122.387, 47.632], [-122.387, 47.632], [-122.387, 47.632], [-122.387, 47.632], [-122.387, 47.631], [-122.387, 47.631], [-122.387, 47.631], [-122.388, 47.631], [-122.388, 47.631], [-122.388, 47.631], [-122.388, 47.631], [-122.388, 47.631], [-122.388, 47.631], [-122.388, 47.631], [-122.388, 47.631], [-122.388, 47.631], [-122.388, 47.631], [-122.388, 47.631], [-122.388, 47.631], [-122.389, 47.631], [-122.389, 47.631], [-122.389, 47.631], [-122.389, 47.631], [-122.389, 47.631], [-122.389, 47.631], [-122.389, 47.631], [-122.389, 47.631], [-122.389, 47.631], [-122.389, 47.631], [-122.389, 47.631], [-122.389, 47.631], [-122.39, 47.631], [-122.39, 47.63], [-122.39, 47.63], [-122.39, 47.63], [-122.39, 47.63], [-122.39, 47.63], [-122.39, 47.63], [-122.39, 47.63], [-122.39, 47.63], [-122.39, 47.63], [-122.391, 47.63], [-122.391, 47.63], [-122.391, 47.63], [-122.391, 47.63], [-122.391, 47.63], [-122.391, 47.63], [-122.391, 47.63], [-122.391, 47.63], [-122.391, 47.63], [-122.391, 47.63], [-122.391, 47.63], [-122.392, 47.63], [-122.392, 47.63], [-122.392, 47.63], [-122.392, 47.633], [-122.392, 47.634], [-122.392, 47.634], [-122.392, 47.634], [-122.392, 47.634], [-122.392, 47.634], [-122.392, 47.634], [-122.392, 47.634], [-122.392, 47.634], [-122.392, 47.634], [-122.391, 47.634], [-122.391, 47.634], [-122.391, 47.634], [-122.391, 47.634], [-122.391, 47.635], [-122.39, 47.636], [-122.389, 47.637], [-122.385, 47.643], [-122.382, 47.646], [-122.382, 47.646], [-122.382, 47.646], [-122.382, 47.646], [-122.382, 47.646], [-122.382, 47.646], [-122.382, 47.646], [-122.382, 47.646], [-122.382, 47.646], [-122.382, 47.646], [-122.382, 47.646], [-122.382, 47.646], [-122.382, 47.646], [-122.382, 47.646], [-122.382, 47.646], [-122.382, 47.647], [-122.382, 47.647], [-122.382, 47.647], [-122.382, 47.647], [-122.382, 47.647], [-122.382, 47.647], [-122.382, 47.647], [-122.382, 47.648], [-122.382, 47.648], [-122.382, 47.651], [-122.384, 47.653], [-122.386, 47.655], [-122.389, 47.658], [-122.392, 47.66], [-122.394, 47.661], [-122.398, 47.663], [-122.398, 47.665], [-122.398, 47.665], [-122.398, 47.665], [-122.398, 47.665], [-122.398, 47.665], [-122.398, 47.665], [-122.398, 47.665], [-122.397, 47.665], [-122.397, 47.665], [-122.397, 47.665], [-122.397, 47.665]]], [[[-122.342, 47.556], [-122.338, 47.556], [-122.337, 47.554], [-122.335, 47.554], [-122.332, 47.554], [-122.329, 47.554], [-122.327, 47.554], [-122.325, 47.554], [-122.324, 47.554], [-122.323, 47.553], [-122.321, 47.553], [-122.32, 47.553], [-122.319, 47.551], [-122.318, 47.55], [-122.317, 47.549], [-122.314, 47.547], [-122.313, 47.547], [-122.302, 47.537], [-122.298, 47.533], [-122.296, 47.532], [-122.292, 47.524], [-122.292, 47.524], [-122.293, 47.524], [-122.294, 47.524], [-122.297, 47.524], [-122.299, 47.524], [-122.301, 47.525], [-122.301, 47.525], [-122.301, 47.525], [-122.301, 47.525], [-122.301, 47.525], [-122.3, 47.525], [-122.3, 47.525], [-122.3, 47.525], [-122.3, 47.525], [-122.3, 47.525], [-122.3, 47.525], [-122.3, 47.525], [-122.3, 47.525], [-122.3, 47.525], [-122.3, 47.525], [-122.3, 47.525], [-122.3, 47.526], [-122.3, 47.526], [-122.3, 47.526], [-122.3, 47.526], [-122.3, 47.526], [-122.3, 47.526], [-122.3, 47.526], [-122.3, 47.526], [-122.3, 47.527], [-122.3, 47.527], [-122.3, 47.527], [-122.3, 47.527], [-122.3, 47.527], [-122.3, 47.527], [-122.3, 47.528], [-122.3, 47.528], [-122.3, 47.528], [-122.3, 47.528], [-122.3, 47.528], [-122.3, 47.528], [-122.301, 47.529], [-122.301, 47.529], [-122.301, 47.529], [-122.301, 47.529], [-122.301, 47.529], [-122.301, 47.529], [-122.301, 47.529], [-122.301, 47.529], [-122.301, 47.529], [-122.302, 47.529], [-122.302, 47.53], [-122.302, 47.53], [-122.302, 47.53], [-122.302, 47.53], [-122.302, 47.53], [-122.302, 47.53], [-122.302, 47.53], [-122.303, 47.53], [-122.303, 47.53], [-122.303, 47.53], [-122.303, 47.53], [-122.303, 47.53], [-122.303, 47.53], [-122.304, 47.53], [-122.304, 47.531], [-122.304, 47.531], [-122.304, 47.531], [-122.304, 47.531], [-122.304, 47.531], [-122.305, 47.531], [-122.305, 47.531], [-122.305, 47.531], [-122.305, 47.531], [-122.305, 47.531], [-122.305, 47.531], [-122.305, 47.531], [-122.305, 47.531], [-122.305, 47.532], [-122.305, 47.532], [-122.305, 47.532], [-122.308, 47.532], [-122.309, 47.532], [-122.309, 47.532], [-122.313, 47.532], [-122.317, 47.532], [-122.318, 47.532], [-122.318, 47.532], [-122.318, 47.532], [-122.318, 47.532], [-122.318, 47.533], [-122.319, 47.533], [-122.319, 47.533], [-122.319, 47.533], [-122.319, 47.533], [-122.32, 47.533], [-122.32, 47.533], [-122.32, 47.533], [-122.32, 47.533], [-122.32, 47.533], [-122.32, 47.534], [-122.321, 47.534], [-122.321, 47.534], [-122.321, 47.534], [-122.321, 47.534], [-122.32, 47.535], [-122.32, 47.535], [-122.32, 47.535], [-122.32, 47.535], [-122.32, 47.535], [-122.32, 47.535], [-122.32, 47.535], [-122.319, 47.535], [-122.319, 47.535], [-122.319, 47.535], [-122.319, 47.535], [-122.319, 47.536], [-122.319, 47.536], [-122.319, 47.536], [-122.319, 47.536], [-122.319, 47.536], [-122.319, 47.536], [-122.319, 47.536], [-122.319, 47.536], [-122.319, 47.536], [-122.319, 47.537], [-122.319, 47.537], [-122.319, 47.537], [-122.319, 47.537], [-122.319, 47.537], [-122.319, 47.537], [-122.319, 47.537], [-122.319, 47.537], [-122.319, 47.537], [-122.319, 47.537], [-122.319, 47.537], [-122.319, 47.537], [-122.319, 47.537], [-122.319, 47.537], [-122.319, 47.537], [-122.319, 47.537], [-122.32, 47.536], [-122.321, 47.535], [-122.322, 47.535], [-122.322, 47.535], [-122.322, 47.535], [-122.323, 47.535], [-122.323, 47.535], [-122.323, 47.535], [-122.323, 47.535], [-122.323, 47.535], [-122.323, 47.535], [-122.323, 47.535], [-122.323, 47.535], [-122.323, 47.536], [-122.323, 47.536], [-122.323, 47.536], [-122.324, 47.536], [-122.324, 47.536], [-122.324, 47.536], [-122.324, 47.536], [-122.324, 47.536], [-122.325, 47.536], [-122.325, 47.536], [-122.325, 47.536], [-122.325, 47.537], [-122.325, 47.537], [-122.326, 47.537], [-122.326, 47.537], [-122.326, 47.537], [-122.326, 47.537], [-122.326, 47.537], [-122.327, 47.538], [-122.327, 47.538], [-122.327, 47.538], [-122.327, 47.538], [-122.327, 47.538], [-122.327, 47.538], [-122.328, 47.538], [-122.328, 47.538], [-122.328, 47.539], [-122.328, 47.539], [-122.328, 47.539], [-122.328, 47.539], [-122.328, 47.539], [-122.328, 47.539], [-122.328, 47.539], [-122.328, 47.539], [-122.328, 47.539], [-122.328, 47.539], [-122.328, 47.54], [-122.328, 47.54], [-122.329, 47.54], [-122.329, 47.54], [-122.329, 47.54], [-122.329, 47.54], [-122.33, 47.54], [-122.33, 47.54], [-122.33, 47.54], [-122.33, 47.54], [-122.33, 47.54], [-122.33, 47.54], [-122.33, 47.54], [-122.33, 47.54], [-122.33, 47.54], [-122.331, 47.54], [-122.331, 47.54], [-122.331, 47.541], [-122.331, 47.541], [-122.331, 47.541], [-122.331, 47.541], [-122.331, 47.541], [-122.331, 47.541], [-122.332, 47.541], [-122.332, 47.541], [-122.332, 47.541], [-122.332, 47.541], [-122.332, 47.541], [-122.332, 47.541], [-122.332, 47.542], [-122.332, 47.542], [-122.332, 47.542], [-122.332, 47.542], [-122.332, 47.542], [-122.331, 47.542], [-122.331, 47.542], [-122.331, 47.542], [-122.331, 47.542], [-122.331, 47.542], [-122.332, 47.542], [-122.332, 47.542], [-122.332, 47.542], [-122.332, 47.542], [-122.332, 47.542], [-122.332, 47.542], [-122.332, 47.542], [-122.331, 47.542], [-122.331, 47.542], [-122.33, 47.542], [-122.33, 47.542], [-122.33, 47.542], [-122.33, 47.542], [-122.33, 47.542], [-122.33, 47.542], [-122.33, 47.542], [-122.33, 47.543], [-122.33, 47.543], [-122.33, 47.543], [-122.33, 47.543], [-122.33, 47.543], [-122.33, 47.543], [-122.33, 47.543], [-122.331, 47.543], [-122.331, 47.543], [-122.332, 47.543], [-122.332, 47.543], [-122.332, 47.543], [-122.332, 47.543], [-122.332, 47.543], [-122.332, 47.543], [-122.333, 47.543], [-122.333, 47.543], [-122.333, 47.543], [-122.333, 47.543], [-122.333, 47.543], [-122.333, 47.543], [-122.333, 47.543], [-122.333, 47.543], [-122.333, 47.543], [-122.334, 47.543], [-122.334, 47.543], [-122.334, 47.543], [-122.334, 47.543], [-122.334, 47.543], [-122.334, 47.543], [-122.334, 47.543], [-122.334, 47.543], [-122.334, 47.543], [-122.335, 47.543], [-122.335, 47.543], [-122.335, 47.543], [-122.335, 47.543], [-122.335, 47.543], [-122.335, 47.544], [-122.335, 47.544], [-122.335, 47.544], [-122.335, 47.544], [-122.335, 47.544], [-122.335, 47.544], [-122.335, 47.544], [-122.336, 47.544], [-122.336, 47.544], [-122.336, 47.544], [-122.336, 47.544], [-122.336, 47.544], [-122.336, 47.544], [-122.336, 47.544], [-122.336, 47.544], [-122.336, 47.544], [-122.336, 47.544], [-122.336, 47.544], [-122.336, 47.545], [-122.336, 47.545], [-122.336, 47.545], [-122.336, 47.545], [-122.336, 47.545], [-122.336, 47.545], [-122.336, 47.545], [-122.336, 47.545], [-122.336, 47.545], [-122.336, 47.545], [-122.336, 47.545], [-122.336, 47.546], [-122.336, 47.546], [-122.336, 47.546], [-122.336, 47.546], [-122.336, 47.546], [-122.336, 47.546], [-122.336, 47.546], [-122.335, 47.546], [-122.335, 47.546], [-122.335, 47.546], [-122.335, 47.546], [-122.335, 47.546], [-122.335, 47.547], [-122.335, 47.547], [-122.335, 47.547], [-122.335, 47.547], [-122.335, 47.547], [-122.335, 47.547], [-122.335, 47.547], [-122.335, 47.547], [-122.335, 47.547], [-122.335, 47.547], [-122.335, 47.547], [-122.335, 47.547], [-122.335, 47.547], [-122.335, 47.547], [-122.335, 47.547], [-122.335, 47.548], [-122.335, 47.548], [-122.335, 47.548], [-122.335, 47.548], [-122.335, 47.548], [-122.335, 47.548], [-122.335, 47.548], [-122.335, 47.547], [-122.335, 47.547], [-122.335, 47.547], [-122.336, 47.547], [-122.336, 47.547], [-122.336, 47.547], [-122.336, 47.547], [-122.336, 47.547], [-122.336, 47.547], [-122.336, 47.547], [-122.336, 47.547], [-122.336, 47.547], [-122.336, 47.547], [-122.336, 47.547], [-122.336, 47.547], [-122.336, 47.547], [-122.336, 47.547], [-122.337, 47.547], [-122.337, 47.547], [-122.337, 47.546], [-122.337, 47.546], [-122.337, 47.546], [-122.337, 47.546], [-122.337, 47.547], [-122.337, 47.547], [-122.337, 47.547], [-122.337, 47.547], [-122.337, 47.547], [-122.337, 47.547], [-122.337, 47.547], [-122.337, 47.547], [-122.337, 47.547], [-122.337, 47.547], [-122.338, 47.547], [-122.338, 47.548], [-122.338, 47.548], [-122.338, 47.548], [-122.338, 47.548], [-122.338, 47.548], [-122.338, 47.548], [-122.338, 47.548], [-122.338, 47.548], [-122.338, 47.548], [-122.338, 47.548], [-122.338, 47.548], [-122.338, 47.549], [-122.338, 47.549], [-122.338, 47.549], [-122.338, 47.549], [-122.338, 47.549], [-122.338, 47.549], [-122.338, 47.549], [-122.338, 47.549], [-122.338, 47.549], [-122.338, 47.549], [-122.338, 47.55], [-122.338, 47.55], [-122.338, 47.55], [-122.338, 47.55], [-122.339, 47.55], [-122.339, 47.55], [-122.339, 47.55], [-122.339, 47.55], [-122.339, 47.55], [-122.339, 47.55], [-122.339, 47.55], [-122.339, 47.55], [-122.339, 47.55], [-122.339, 47.55], [-122.339, 47.55], [-122.339, 47.551], [-122.339, 47.551], [-122.339, 47.551], [-122.339, 47.551], [-122.339, 47.551], [-122.339, 47.551], [-122.34, 47.551], [-122.34, 47.551], [-122.34, 47.551], [-122.34, 47.552], [-122.34, 47.552], [-122.34, 47.552], [-122.34, 47.552], [-122.34, 47.552], [-122.34, 47.552], [-122.34, 47.552], [-122.34, 47.552], [-122.34, 47.553], [-122.34, 47.553], [-122.34, 47.553], [-122.34, 47.553], [-122.34, 47.553], [-122.341, 47.553], [-122.341, 47.553], [-122.341, 47.554], [-122.341, 47.554], [-122.341, 47.554], [-122.341, 47.554], [-122.341, 47.554], [-122.341, 47.554], [-122.341, 47.554], [-122.341, 47.554], [-122.341, 47.555], [-122.341, 47.555], [-122.341, 47.555], [-122.341, 47.555], [-122.341, 47.555], [-122.341, 47.555], [-122.342, 47.555], [-122.341, 47.555], [-122.342, 47.555], [-122.342, 47.555], [-122.342, 47.556], [-122.342, 47.556], [-122.342, 47.556], [-122.341, 47.556], [-122.341, 47.556], [-122.341, 47.556], [-122.341, 47.556], [-122.341, 47.556], [-122.342, 47.556], [-122.342, 47.556], [-122.342, 47.556]]], [[[-122.382, 47.59], [-122.382, 47.59], [-122.384, 47.592], [-122.385, 47.593], [-122.386, 47.594], [-122.386, 47.594], [-122.386, 47.594], [-122.386, 47.594], [-122.386, 47.594], [-122.386, 47.594], [-122.386, 47.594], [-122.386, 47.594], [-122.386, 47.594], [-122.386, 47.594], [-122.386, 47.594], [-122.387, 47.594], [-122.387, 47.594], [-122.387, 47.594], [-122.387, 47.594], [-122.387, 47.594], [-122.387, 47.594], [-122.387, 47.594], [-122.387, 47.594], [-122.387, 47.594], [-122.387, 47.594], [-122.387, 47.593], [-122.387, 47.593], [-122.387, 47.592], [-122.389, 47.591], [-122.389, 47.591], [-122.39, 47.591], [-122.391, 47.59], [-122.391, 47.59], [-122.392, 47.589], [-122.394, 47.587], [-122.394, 47.587], [-122.396, 47.586], [-122.397, 47.586], [-122.397, 47.586], [-122.397, 47.586], [-122.397, 47.586], [-122.397, 47.586], [-122.397, 47.586], [-122.397, 47.586], [-122.397, 47.585], [-122.397, 47.585], [-122.397, 47.585], [-122.397, 47.585], [-122.397, 47.585], [-122.399, 47.585], [-122.399, 47.585], [-122.399, 47.585], [-122.399, 47.585], [-122.399, 47.585], [-122.399, 47.585], [-122.4, 47.583], [-122.403, 47.582], [-122.403, 47.58], [-122.403, 47.58], [-122.404, 47.58], [-122.404, 47.579], [-122.404, 47.579], [-122.404, 47.579], [-122.404, 47.579], [-122.404, 47.579], [-122.404, 47.579], [-122.404, 47.579], [-122.402, 47.579], [-122.401, 47.578], [-122.403, 47.578], [-122.403, 47.577], [-122.403, 47.577], [-122.403, 47.577], [-122.403, 47.577], [-122.403, 47.577], [-122.403, 47.577], [-122.403, 47.577], [-122.403, 47.576], [-122.403, 47.576], [-122.403, 47.576], [-122.403, 47.575], [-122.403, 47.574], [-122.403, 47.573], [-122.403, 47.572], [-122.404, 47.572], [-122.404, 47.571], [-122.403, 47.57], [-122.401, 47.57], [-122.399, 47.57], [-122.399, 47.569], [-122.399, 47.566], [-122.399, 47.565], [-122.399, 47.563], [-122.398, 47.562], [-122.398, 47.56], [-122.398, 47.559], [-122.398, 47.558], [-122.398, 47.557], [-122.399, 47.557], [-122.399, 47.558], [-122.399, 47.558], [-122.399, 47.558], [-122.399, 47.558], [-122.399, 47.558], [-122.399, 47.558], [-122.399, 47.558], [-122.399, 47.558], [-122.399, 47.558], [-122.4, 47.559], [-122.4, 47.559], [-122.4, 47.559], [-122.4, 47.559], [-122.4, 47.559], [-122.4, 47.559], [-122.4, 47.559], [-122.4, 47.559], [-122.4, 47.559], [-122.4, 47.56], [-122.4, 47.56], [-122.4, 47.56], [-122.4, 47.56], [-122.4, 47.56], [-122.4, 47.56], [-122.401, 47.56], [-122.401, 47.56], [-122.401, 47.56], [-122.402, 47.561], [-122.403, 47.561], [-122.403, 47.561], [-122.403, 47.561], [-122.404, 47.561], [-122.404, 47.561], [-122.404, 47.561], [-122.404, 47.561], [-122.404, 47.561], [-122.405, 47.561], [-122.405, 47.562], [-122.405, 47.562], [-122.405, 47.562], [-122.405, 47.562], [-122.405, 47.562], [-122.406, 47.562], [-122.406, 47.562], [-122.406, 47.562], [-122.406, 47.562], [-122.406, 47.562], [-122.406, 47.563], [-122.406, 47.563], [-122.406, 47.563], [-122.407, 47.563], [-122.407, 47.563], [-122.407, 47.563], [-122.407, 47.563], [-122.407, 47.564], [-122.407, 47.564], [-122.407, 47.564], [-122.407, 47.564], [-122.407, 47.564], [-122.407, 47.564], [-122.407, 47.564], [-122.407, 47.564], [-122.407, 47.564], [-122.407, 47.565], [-122.407, 47.565], [-122.407, 47.565], [-122.408, 47.565], [-122.408, 47.565], [-122.408, 47.565], [-122.408, 47.565], [-122.408, 47.565], [-122.408, 47.565], [-122.408, 47.566], [-122.408, 47.566], [-122.408, 47.566], [-122.409, 47.566], [-122.409, 47.566], [-122.409, 47.566], [-122.409, 47.566], [-122.409, 47.566], [-122.409, 47.566], [-122.409, 47.566], [-122.409, 47.566], [-122.409, 47.566], [-122.409, 47.566], [-122.409, 47.566], [-122.409, 47.566], [-122.409, 47.566], [-122.409, 47.567], [-122.41, 47.567], [-122.41, 47.567], [-122.41, 47.567], [-122.41, 47.567], [-122.41, 47.567], [-122.41, 47.567], [-122.41, 47.567], [-122.41, 47.567], [-122.41, 47.567], [-122.41, 47.567], [-122.41, 47.568], [-122.41, 47.568], [-122.41, 47.568], [-122.41, 47.568], [-122.41, 47.568], [-122.41, 47.568], [-122.41, 47.568], [-122.41, 47.568], [-122.41, 47.568], [-122.41, 47.568], [-122.41, 47.568], [-122.41, 47.569], [-122.41, 47.569], [-122.41, 47.569], [-122.41, 47.569], [-122.41, 47.569], [-122.41, 47.569], [-122.41, 47.569], [-122.41, 47.569], [-122.41, 47.569], [-122.41, 47.569], [-122.41, 47.569], [-122.41, 47.569], [-122.41, 47.569], [-122.41, 47.569], [-122.41, 47.57], [-122.41, 47.57], [-122.41, 47.57], [-122.41, 47.57], [-122.41, 47.57], [-122.41, 47.57], [-122.41, 47.57], [-122.411, 47.57], [-122.411, 47.57], [-122.411, 47.57], [-122.411, 47.57], [-122.411, 47.57], [-122.411, 47.57], [-122.411, 47.57], [-122.411, 47.571], [-122.411, 47.57], [-122.411, 47.571], [-122.412, 47.571], [-122.412, 47.571], [-122.412, 47.571], [-122.412, 47.571], [-122.412, 47.571], [-122.412, 47.571], [-122.412, 47.571], [-122.413, 47.571], [-122.413, 47.571], [-122.413, 47.571], [-122.412, 47.571], [-122.412, 47.571], [-122.412, 47.571], [-122.412, 47.571], [-122.412, 47.571], [-122.412, 47.571], [-122.411, 47.571], [-122.411, 47.571], [-122.411, 47.571], [-122.411, 47.571], [-122.411, 47.571], [-122.412, 47.571], [-122.412, 47.571], [-122.412, 47.571], [-122.412, 47.571], [-122.412, 47.571], [-122.412, 47.571], [-122.412, 47.571], [-122.412, 47.571], [-122.412, 47.571], [-122.412, 47.572], [-122.412, 47.572], [-122.413, 47.572], [-122.413, 47.572], [-122.413, 47.572], [-122.413, 47.572], [-122.413, 47.572], [-122.413, 47.572], [-122.413, 47.572], [-122.413, 47.572], [-122.413, 47.572], [-122.413, 47.572], [-122.413, 47.572], [-122.414, 47.572], [-122.414, 47.572], [-122.414, 47.572], [-122.414, 47.572], [-122.414, 47.572], [-122.414, 47.572], [-122.414, 47.572], [-122.414, 47.573], [-122.414, 47.573], [-122.414, 47.573], [-122.415, 47.573], [-122.415, 47.573], [-122.415, 47.573], [-122.415, 47.573], [-122.415, 47.573], [-122.415, 47.573], [-122.415, 47.573], [-122.415, 47.573], [-122.415, 47.573], [-122.415, 47.573], [-122.415, 47.573], [-122.416, 47.573], [-122.416, 47.573], [-122.416, 47.573], [-122.416, 47.573], [-122.416, 47.573], [-122.416, 47.573], [-122.416, 47.573], [-122.416, 47.574], [-122.416, 47.574], [-122.416, 47.574], [-122.417, 47.574], [-122.417, 47.574], [-122.417, 47.574], [-122.417, 47.574], [-122.417, 47.574], [-122.417, 47.574], [-122.417, 47.574], [-122.417, 47.574], [-122.417, 47.574], [-122.417, 47.574], [-122.417, 47.574], [-122.417, 47.574], [-122.418, 47.574], [-122.418, 47.574], [-122.418, 47.574], [-122.418, 47.574], [-122.418, 47.574], [-122.418, 47.574], [-122.418, 47.574], [-122.418, 47.575], [-122.418, 47.575], [-122.418, 47.575], [-122.419, 47.575], [-122.419, 47.575], [-122.419, 47.575], [-122.419, 47.575], [-122.419, 47.575], [-122.419, 47.575], [-122.419, 47.575], [-122.419, 47.575], [-122.419, 47.575], [-122.419, 47.575], [-122.419, 47.575], [-122.42, 47.575], [-122.42, 47.575], [-122.42, 47.575], [-122.42, 47.575], [-122.42, 47.575], [-122.42, 47.575], [-122.42, 47.576], [-122.42, 47.576], [-122.42, 47.576], [-122.421, 47.576], [-122.421, 47.576], [-122.421, 47.576], [-122.421, 47.576], [-122.421, 47.576], [-122.421, 47.576], [-122.421, 47.576], [-122.421, 47.576], [-122.421, 47.576], [-122.421, 47.577], [-122.42, 47.577], [-122.42, 47.577], [-122.42, 47.577], [-122.42, 47.577], [-122.42, 47.577], [-122.42, 47.577], [-122.42, 47.577], [-122.419, 47.577], [-122.419, 47.577], [-122.419, 47.577], [-122.419, 47.577], [-122.419, 47.577], [-122.419, 47.577], [-122.419, 47.577], [-122.419, 47.577], [-122.418, 47.577], [-122.418, 47.577], [-122.418, 47.577], [-122.418, 47.577], [-122.418, 47.578], [-122.418, 47.578], [-122.418, 47.578], [-122.418, 47.578], [-122.417, 47.578], [-122.417, 47.578], [-122.417, 47.578], [-122.417, 47.578], [-122.417, 47.578], [-122.417, 47.578], [-122.416, 47.578], [-122.416, 47.578], [-122.416, 47.578], [-122.416, 47.578], [-122.416, 47.578], [-122.416, 47.578], [-122.416, 47.578], [-122.415, 47.578], [-122.415, 47.578], [-122.415, 47.578], [-122.415, 47.578], [-122.415, 47.578], [-122.415, 47.578], [-122.415, 47.578], [-122.415, 47.578], [-122.415, 47.578], [-122.415, 47.578], [-122.414, 47.578], [-122.414, 47.578], [-122.414, 47.578], [-122.414, 47.579], [-122.413, 47.579], [-122.413, 47.579], [-122.413, 47.579], [-122.413, 47.579], [-122.413, 47.579], [-122.413, 47.579], [-122.412, 47.579], [-122.412, 47.579], [-122.412, 47.579], [-122.412, 47.579], [-122.412, 47.579], [-122.411, 47.579], [-122.411, 47.579], [-122.411, 47.579], [-122.411, 47.579], [-122.411, 47.58], [-122.41, 47.58], [-122.41, 47.58], [-122.41, 47.58], [-122.41, 47.58], [-122.41, 47.58], [-122.41, 47.58], [-122.41, 47.58], [-122.41, 47.58], [-122.409, 47.58], [-122.409, 47.58], [-122.409, 47.58], [-122.409, 47.58], [-122.409, 47.58], [-122.409, 47.58], [-122.409, 47.58], [-122.408, 47.58], [-122.408, 47.581], [-122.408, 47.581], [-122.408, 47.581], [-122.408, 47.581], [-122.408, 47.581], [-122.407, 47.581], [-122.407, 47.581], [-122.407, 47.581], [-122.407, 47.581], [-122.407, 47.581], [-122.407, 47.581], [-122.407, 47.581], [-122.407, 47.581], [-122.406, 47.581], [-122.406, 47.581], [-122.406, 47.581], [-122.406, 47.581], [-122.406, 47.581], [-122.406, 47.581], [-122.406, 47.582], [-122.406, 47.582], [-122.405, 47.582], [-122.405, 47.582], [-122.405, 47.582], [-122.405, 47.582], [-122.405, 47.582], [-122.405, 47.582], [-122.405, 47.582], [-122.404, 47.582], [-122.404, 47.582], [-122.404, 47.582], [-122.404, 47.582], [-122.404, 47.582], [-122.404, 47.582], [-122.404, 47.582], [-122.404, 47.582], [-122.404, 47.583], [-122.404, 47.583], [-122.404, 47.583], [-122.403, 47.583], [-122.403, 47.583], [-122.403, 47.583], [-122.403, 47.583], [-122.403, 47.583], [-122.403, 47.583], [-122.403, 47.583], [-122.403, 47.583], [-122.403, 47.583], [-122.403, 47.583], [-122.402, 47.583], [-122.402, 47.583], [-122.402, 47.583], [-122.402, 47.583], [-122.402, 47.583], [-122.402, 47.583], [-122.401, 47.584], [-122.401, 47.584], [-122.401, 47.584], [-122.401, 47.584], [-122.401, 47.584], [-122.401, 47.584], [-122.401, 47.584], [-122.4, 47.584], [-122.4, 47.584], [-122.4, 47.584], [-122.4, 47.584], [-122.4, 47.584], [-122.4, 47.585], [-122.4, 47.585], [-122.4, 47.585], [-122.4, 47.585], [-122.4, 47.585], [-122.4, 47.585], [-122.4, 47.585], [-122.4, 47.585], [-122.399, 47.585], [-122.399, 47.585], [-122.399, 47.586], [-122.399, 47.586], [-122.399, 47.586], [-122.399, 47.586], [-122.399, 47.586], [-122.398, 47.586], [-122.398, 47.586], [-122.398, 47.586], [-122.398, 47.586], [-122.398, 47.586], [-122.398, 47.586], [-122.398, 47.587], [-122.398, 47.587], [-122.398, 47.587], [-122.398, 47.587], [-122.398, 47.587], [-122.397, 47.587], [-122.397, 47.587], [-122.397, 47.587], [-122.397, 47.587], [-122.397, 47.587], [-122.397, 47.587], [-122.397, 47.587], [-122.397, 47.587], [-122.397, 47.588], [-122.397, 47.588], [-122.396, 47.588], [-122.396, 47.588], [-122.396, 47.588], [-122.396, 47.588], [-122.396, 47.588], [-122.396, 47.588], [-122.396, 47.588], [-122.396, 47.588], [-122.396, 47.589], [-122.396, 47.589], [-122.395, 47.589], [-122.395, 47.589], [-122.395, 47.589], [-122.395, 47.589], [-122.395, 47.589], [-122.395, 47.589], [-122.395, 47.589], [-122.395, 47.589], [-122.395, 47.589], [-122.394, 47.589], [-122.394, 47.59], [-122.394, 47.59], [-122.394, 47.59], [-122.394, 47.59], [-122.394, 47.59], [-122.394, 47.59], [-122.394, 47.59], [-122.394, 47.59], [-122.393, 47.59], [-122.393, 47.59], [-122.393, 47.591], [-122.393, 47.591], [-122.393, 47.591], [-122.393, 47.591], [-122.393, 47.591], [-122.393, 47.591], [-122.393, 47.591], [-122.393, 47.591], [-122.392, 47.591], [-122.392, 47.592], [-122.392, 47.592], [-122.392, 47.592], [-122.392, 47.592], [-122.392, 47.592], [-122.392, 47.592], [-122.392, 47.592], [-122.392, 47.593], [-122.391, 47.593], [-122.391, 47.593], [-122.391, 47.593], [-122.391, 47.593], [-122.391, 47.593], [-122.391, 47.593], [-122.391, 47.593], [-122.391, 47.593], [-122.391, 47.594], [-122.391, 47.594], [-122.391, 47.594], [-122.39, 47.594], [-122.39, 47.594], [-122.39, 47.594], [-122.39, 47.594], [-122.39, 47.594], [-122.39, 47.594], [-122.389, 47.594], [-122.389, 47.594], [-122.389, 47.594], [-122.389, 47.594], [-122.389, 47.594], [-122.389, 47.594], [-122.389, 47.595], [-122.389, 47.595], [-122.389, 47.595], [-122.388, 47.595], [-122.388, 47.595], [-122.388, 47.595], [-122.388, 47.595], [-122.388, 47.595], [-122.388, 47.595], [-122.388, 47.595], [-122.388, 47.595], [-122.388, 47.595], [-122.388, 47.595], [-122.388, 47.595], [-122.388, 47.595], [-122.388, 47.596], [-122.387, 47.596], [-122.387, 47.595], [-122.387, 47.595], [-122.387, 47.595], [-122.387, 47.595], [-122.387, 47.595], [-122.386, 47.595], [-122.386, 47.595], [-122.386, 47.595], [-122.385, 47.595], [-122.385, 47.595], [-122.385, 47.595], [-122.385, 47.595], [-122.384, 47.595], [-122.384, 47.595], [-122.384, 47.594], [-122.383, 47.594], [-122.383, 47.594], [-122.383, 47.594], [-122.383, 47.593], [-122.383, 47.593], [-122.382, 47.591], [-122.382, 47.59]]], [[[-122.273, 47.546], [-122.273, 47.548], [-122.273, 47.55], [-122.273, 47.552], [-122.273, 47.554], [-122.273, 47.554], [-122.273, 47.557], [-122.276, 47.557], [-122.276, 47.561], [-122.276, 47.564], [-122.279, 47.564], [-122.279, 47.564], [-122.279, 47.565], [-122.279, 47.566], [-122.279, 47.568], [-122.279, 47.57], [-122.28, 47.571], [-122.281, 47.572], [-122.281, 47.572], [-122.281, 47.572], [-122.281, 47.572], [-122.281, 47.572], [-122.281, 47.572], [-122.281, 47.572], [-122.281, 47.572], [-122.281, 47.572], [-122.281, 47.572], [-122.281, 47.572], [-122.281, 47.572], [-122.281, 47.572], [-122.281, 47.572], [-122.281, 47.572], [-122.281, 47.573], [-122.281, 47.573], [-122.281, 47.573], [-122.281, 47.573], [-122.281, 47.573], [-122.281, 47.573], [-122.28, 47.573], [-122.281, 47.573], [-122.281, 47.573], [-122.281, 47.573], [-122.281, 47.573], [-122.281, 47.573], [-122.281, 47.573], [-122.281, 47.573], [-122.281, 47.572], [-122.281, 47.572], [-122.281, 47.572], [-122.28, 47.572], [-122.28, 47.572], [-122.28, 47.572], [-122.28, 47.572], [-122.28, 47.572], [-122.28, 47.571], [-122.28, 47.571], [-122.28, 47.571], [-122.28, 47.571], [-122.28, 47.571], [-122.28, 47.571], [-122.28, 47.571], [-122.28, 47.571], [-122.279, 47.571], [-122.279, 47.571], [-122.279, 47.571], [-122.279, 47.571], [-122.279, 47.57], [-122.279, 47.57], [-122.279, 47.57], [-122.279, 47.57], [-122.279, 47.57], [-122.278, 47.57], [-122.278, 47.57], [-122.278, 47.57], [-122.278, 47.57], [-122.278, 47.571], [-122.278, 47.571], [-122.278, 47.571], [-122.278, 47.571], [-122.278, 47.571], [-122.278, 47.571], [-122.278, 47.571], [-122.278, 47.572], [-122.278, 47.572], [-122.277, 47.572], [-122.277, 47.572], [-122.277, 47.572], [-122.277, 47.572], [-122.277, 47.572], [-122.277, 47.572], [-122.277, 47.571], [-122.277, 47.571], [-122.277, 47.571], [-122.277, 47.571], [-122.277, 47.571], [-122.277, 47.571], [-122.277, 47.571], [-122.277, 47.571], [-122.277, 47.571], [-122.276, 47.571], [-122.276, 47.571], [-122.276, 47.571], [-122.276, 47.57], [-122.276, 47.57], [-122.276, 47.57], [-122.276, 47.57], [-122.276, 47.57], [-122.275, 47.57], [-122.275, 47.57], [-122.275, 47.57], [-122.275, 47.57], [-122.275, 47.57], [-122.275, 47.57], [-122.275, 47.57], [-122.275, 47.57], [-122.275, 47.57], [-122.275, 47.57], [-122.274, 47.57], [-122.274, 47.57], [-122.274, 47.57], [-122.274, 47.569], [-122.274, 47.569], [-122.274, 47.569], [-122.274, 47.569], [-122.274, 47.569], [-122.273, 47.569], [-122.273, 47.569], [-122.273, 47.569], [-122.273, 47.569], [-122.273, 47.569], [-122.273, 47.569], [-122.273, 47.568], [-122.272, 47.568], [-122.272, 47.568], [-122.272, 47.568], [-122.272, 47.568], [-122.272, 47.568], [-122.272, 47.568], [-122.272, 47.568], [-122.272, 47.568], [-122.272, 47.568], [-122.272, 47.568], [-122.271, 47.568], [-122.271, 47.568], [-122.271, 47.568], [-122.271, 47.568], [-122.271, 47.568], [-122.271, 47.568], [-122.271, 47.568], [-122.27, 47.568], [-122.27, 47.568], [-122.27, 47.568], [-122.27, 47.568], [-122.27, 47.568], [-122.27, 47.568], [-122.27, 47.568], [-122.27, 47.568], [-122.27, 47.568], [-122.27, 47.568], [-122.269, 47.568], [-122.269, 47.568], [-122.269, 47.568], [-122.269, 47.568], [-122.269, 47.567], [-122.269, 47.567], [-122.269, 47.567], [-122.269, 47.567], [-122.269, 47.567], [-122.269, 47.567], [-122.269, 47.567], [-122.269, 47.567], [-122.269, 47.567], [-122.269, 47.567], [-122.269, 47.567], [-122.268, 47.567], [-122.268, 47.567], [-122.268, 47.567], [-122.268, 47.566], [-122.268, 47.566], [-122.268, 47.566], [-122.268, 47.566], [-122.268, 47.566], [-122.268, 47.566], [-122.268, 47.566], [-122.268, 47.566], [-122.268, 47.566], [-122.268, 47.566], [-122.268, 47.566], [-122.268, 47.566], [-122.268, 47.566], [-122.268, 47.566], [-122.267, 47.566], [-122.267, 47.566], [-122.267, 47.566], [-122.267, 47.566], [-122.267, 47.566], [-122.267, 47.566], [-122.267, 47.565], [-122.267, 47.565], [-122.267, 47.565], [-122.267, 47.565], [-122.267, 47.565], [-122.267, 47.565], [-122.267, 47.565], [-122.267, 47.565], [-122.267, 47.565], [-122.267, 47.565], [-122.267, 47.565], [-122.267, 47.565], [-122.267, 47.565], [-122.267, 47.564], [-122.267, 47.564], [-122.267, 47.564], [-122.267, 47.564], [-122.267, 47.564], [-122.267, 47.565], [-122.268, 47.564], [-122.268, 47.564], [-122.268, 47.564], [-122.268, 47.564], [-122.268, 47.564], [-122.268, 47.564], [-122.268, 47.564], [-122.268, 47.564], [-122.268, 47.564], [-122.268, 47.564], [-122.268, 47.564], [-122.268, 47.564], [-122.268, 47.564], [-122.268, 47.564], [-122.268, 47.564], [-122.268, 47.563], [-122.268, 47.563], [-122.268, 47.563], [-122.268, 47.563], [-122.268, 47.563], [-122.268, 47.563], [-122.268, 47.563], [-122.268, 47.563], [-122.268, 47.563], [-122.268, 47.563], [-122.268, 47.563], [-122.268, 47.563], [-122.268, 47.563], [-122.268, 47.563], [-122.268, 47.563], [-122.268, 47.563], [-122.268, 47.563], [-122.267, 47.562], [-122.267, 47.562], [-122.267, 47.562], [-122.267, 47.562], [-122.267, 47.562], [-122.267, 47.562], [-122.267, 47.562], [-122.267, 47.562], [-122.267, 47.562], [-122.267, 47.562], [-122.267, 47.562], [-122.267, 47.562], [-122.267, 47.562], [-122.267, 47.562], [-122.267, 47.562], [-122.266, 47.562], [-122.266, 47.562], [-122.266, 47.562], [-122.266, 47.562], [-122.266, 47.562], [-122.266, 47.562], [-122.266, 47.562], [-122.266, 47.562], [-122.266, 47.562], [-122.265, 47.562], [-122.265, 47.562], [-122.265, 47.562], [-122.265, 47.562], [-122.265, 47.562], [-122.265, 47.562], [-122.265, 47.562], [-122.265, 47.562], [-122.265, 47.562], [-122.265, 47.562], [-122.265, 47.562], [-122.265, 47.562], [-122.264, 47.562], [-122.264, 47.562], [-122.264, 47.561], [-122.264, 47.561], [-122.264, 47.561], [-122.264, 47.561], [-122.264, 47.561], [-122.264, 47.561], [-122.264, 47.561], [-122.264, 47.561], [-122.264, 47.561], [-122.264, 47.561], [-122.264, 47.56], [-122.264, 47.56], [-122.264, 47.56], [-122.264, 47.56], [-122.264, 47.56], [-122.264, 47.56], [-122.264, 47.56], [-122.264, 47.56], [-122.264, 47.56], [-122.264, 47.56], [-122.264, 47.56], [-122.263, 47.56], [-122.263, 47.56], [-122.263, 47.559], [-122.263, 47.559], [-122.263, 47.559], [-122.263, 47.559], [-122.263, 47.559], [-122.263, 47.559], [-122.263, 47.559], [-122.263, 47.559], [-122.263, 47.559], [-122.263, 47.559], [-122.263, 47.559], [-122.263, 47.559], [-122.263, 47.559], [-122.263, 47.559], [-122.263, 47.559], [-122.263, 47.559], [-122.263, 47.559], [-122.263, 47.559], [-122.263, 47.559], [-122.263, 47.559], [-122.262, 47.558], [-122.262, 47.558], [-122.262, 47.558], [-122.262, 47.558], [-122.262, 47.558], [-122.262, 47.558], [-122.262, 47.558], [-122.262, 47.558], [-122.262, 47.558], [-122.262, 47.558], [-122.262, 47.558], [-122.262, 47.558], [-122.262, 47.558], [-122.262, 47.558], [-122.262, 47.557], [-122.262, 47.557], [-122.262, 47.557], [-122.262, 47.557], [-122.261, 47.557], [-122.261, 47.557], [-122.261, 47.557], [-122.262, 47.557], [-122.262, 47.557], [-122.262, 47.557], [-122.262, 47.557], [-122.261, 47.557], [-122.261, 47.557], [-122.261, 47.557], [-122.261, 47.557], [-122.261, 47.557], [-122.262, 47.556], [-122.262, 47.556], [-122.262, 47.556], [-122.262, 47.556], [-122.262, 47.556], [-122.261, 47.556], [-122.261, 47.556], [-122.261, 47.556], [-122.261, 47.556], [-122.261, 47.556], [-122.261, 47.556], [-122.261, 47.556], [-122.261, 47.556], [-122.261, 47.556], [-122.261, 47.556], [-122.261, 47.555], [-122.261, 47.555], [-122.261, 47.555], [-122.261, 47.555], [-122.261, 47.555], [-122.261, 47.555], [-122.261, 47.555], [-122.261, 47.555], [-122.261, 47.555], [-122.261, 47.555], [-122.261, 47.555], [-122.261, 47.555], [-122.261, 47.555], [-122.261, 47.555], [-122.261, 47.555], [-122.261, 47.554], [-122.261, 47.554], [-122.261, 47.554], [-122.261, 47.554], [-122.261, 47.554], [-122.261, 47.554], [-122.261, 47.554], [-122.26, 47.554], [-122.26, 47.554], [-122.26, 47.554], [-122.26, 47.554], [-122.26, 47.553], [-122.26, 47.553], [-122.26, 47.553], [-122.26, 47.553], [-122.26, 47.553], [-122.26, 47.553], [-122.26, 47.553], [-122.26, 47.553], [-122.26, 47.553], [-122.26, 47.553], [-122.26, 47.553], [-122.26, 47.553], [-122.26, 47.553], [-122.26, 47.553], [-122.26, 47.553], [-122.26, 47.552], [-122.26, 47.552], [-122.26, 47.552], [-122.26, 47.552], [-122.26, 47.552], [-122.26, 47.552], [-122.26, 47.552], [-122.26, 47.552], [-122.26, 47.552], [-122.26, 47.552], [-122.26, 47.551], [-122.26, 47.551], [-122.259, 47.551], [-122.259, 47.551], [-122.259, 47.551], [-122.259, 47.551], [-122.258, 47.551], [-122.258, 47.551], [-122.258, 47.551], [-122.258, 47.551], [-122.258, 47.551], [-122.258, 47.551], [-122.257, 47.551], [-122.257, 47.551], [-122.257, 47.552], [-122.257, 47.552], [-122.257, 47.552], [-122.257, 47.552], [-122.257, 47.552], [-122.257, 47.552], [-122.257, 47.552], [-122.257, 47.552], [-122.257, 47.552], [-122.257, 47.552], [-122.257, 47.552], [-122.257, 47.552], [-122.257, 47.552], [-122.257, 47.552], [-122.256, 47.552], [-122.256, 47.553], [-122.256, 47.553], [-122.256, 47.553], [-122.256, 47.553], [-122.256, 47.553], [-122.256, 47.553], [-122.255, 47.553], [-122.255, 47.553], [-122.255, 47.553], [-122.255, 47.553], [-122.255, 47.553], [-122.255, 47.553], [-122.255, 47.553], [-122.255, 47.553], [-122.254, 47.553], [-122.254, 47.553], [-122.254, 47.553], [-122.254, 47.553], [-122.254, 47.553], [-122.254, 47.554], [-122.254, 47.554], [-122.254, 47.554], [-122.254, 47.554], [-122.254, 47.554], [-122.254, 47.554], [-122.254, 47.554], [-122.254, 47.554], [-122.254, 47.554], [-122.254, 47.554], [-122.254, 47.554], [-122.254, 47.555], [-122.254, 47.555], [-122.254, 47.555], [-122.254, 47.555], [-122.255, 47.555], [-122.255, 47.555], [-122.255, 47.555], [-122.255, 47.555], [-122.255, 47.555], [-122.255, 47.555], [-122.255, 47.555], [-122.255, 47.555], [-122.255, 47.555], [-122.255, 47.555], [-122.255, 47.555], [-122.255, 47.555], [-122.255, 47.555], [-122.255, 47.555], [-122.255, 47.555], [-122.255, 47.556], [-122.255, 47.556], [-122.255, 47.556], [-122.255, 47.556], [-122.255, 47.556], [-122.255, 47.556], [-122.255, 47.556], [-122.255, 47.556], [-122.255, 47.556], [-122.255, 47.556], [-122.255, 47.556], [-122.255, 47.556], [-122.255, 47.556], [-122.255, 47.556], [-122.255, 47.557], [-122.255, 47.557], [-122.255, 47.557], [-122.255, 47.557], [-122.255, 47.557], [-122.255, 47.557], [-122.255, 47.557], [-122.255, 47.557], [-122.255, 47.557], [-122.255, 47.557], [-122.255, 47.557], [-122.255, 47.558], [-122.255, 47.558], [-122.255, 47.558], [-122.255, 47.558], [-122.255, 47.558], [-122.255, 47.558], [-122.255, 47.558], [-122.255, 47.558], [-122.255, 47.558], [-122.255, 47.558], [-122.255, 47.558], [-122.255, 47.559], [-122.255, 47.559], [-122.255, 47.559], [-122.255, 47.559], [-122.255, 47.559], [-122.255, 47.559], [-122.255, 47.559], [-122.255, 47.559], [-122.255, 47.559], [-122.255, 47.56], [-122.255, 47.56], [-122.255, 47.56], [-122.255, 47.56], [-122.255, 47.56], [-122.255, 47.56], [-122.255, 47.56], [-122.255, 47.56], [-122.255, 47.56], [-122.255, 47.56], [-122.255, 47.561], [-122.255, 47.561], [-122.255, 47.561], [-122.255, 47.561], [-122.255, 47.561], [-122.255, 47.561], [-122.255, 47.561], [-122.255, 47.561], [-122.255, 47.561], [-122.255, 47.562], [-122.255, 47.562], [-122.255, 47.562], [-122.255, 47.562], [-122.255, 47.562], [-122.255, 47.562], [-122.255, 47.562], [-122.255, 47.562], [-122.255, 47.562], [-122.254, 47.562], [-122.254, 47.562], [-122.254, 47.562], [-122.254, 47.562], [-122.254, 47.562], [-122.254, 47.562], [-122.254, 47.562], [-122.253, 47.562], [-122.253, 47.562], [-122.253, 47.562], [-122.253, 47.562], [-122.253, 47.562], [-122.253, 47.562], [-122.253, 47.562], [-122.252, 47.562], [-122.252, 47.562], [-122.252, 47.562], [-122.252, 47.562], [-122.252, 47.562], [-122.252, 47.562], [-122.252, 47.562], [-122.251, 47.562], [-122.251, 47.562], [-122.251, 47.562], [-122.251, 47.562], [-122.251, 47.562], [-122.251, 47.562], [-122.251, 47.562], [-122.251, 47.562], [-122.251, 47.562], [-122.251, 47.562], [-122.251, 47.562], [-122.25, 47.562], [-122.25, 47.562], [-122.25, 47.562], [-122.25, 47.562], [-122.25, 47.562], [-122.25, 47.562], [-122.25, 47.562], [-122.25, 47.562], [-122.25, 47.561], [-122.25, 47.561], [-122.25, 47.561], [-122.25, 47.561], [-122.25, 47.561], [-122.25, 47.561], [-122.25, 47.561], [-122.25, 47.561], [-122.25, 47.561], [-122.25, 47.561], [-122.25, 47.561], [-122.25, 47.561], [-122.25, 47.56], [-122.249, 47.56], [-122.249, 47.56], [-122.249, 47.56], [-122.249, 47.56], [-122.249, 47.56], [-122.249, 47.56], [-122.249, 47.56], [-122.249, 47.56], [-122.249, 47.56], [-122.249, 47.56], [-122.249, 47.56], [-122.249, 47.56], [-122.249, 47.56], [-122.249, 47.559], [-122.249, 47.559], [-122.249, 47.559], [-122.249, 47.559], [-122.248, 47.559], [-122.248, 47.559], [-122.248, 47.559], [-122.248, 47.559], [-122.248, 47.559], [-122.248, 47.559], [-122.248, 47.559], [-122.248, 47.559], [-122.248, 47.559], [-122.248, 47.559], [-122.248, 47.559], [-122.248, 47.559], [-122.248, 47.558], [-122.248, 47.558], [-122.248, 47.558], [-122.248, 47.558], [-122.248, 47.558], [-122.248, 47.558], [-122.248, 47.558], [-122.248, 47.558], [-122.248, 47.557], [-122.248, 47.557], [-122.248, 47.557], [-122.248, 47.557], [-122.248, 47.557], [-122.248, 47.557], [-122.248, 47.557], [-122.248, 47.557], [-122.248, 47.557], [-122.248, 47.557], [-122.248, 47.556], [-122.248, 47.556], [-122.248, 47.556], [-122.248, 47.556], [-122.248, 47.556], [-122.248, 47.556], [-122.248, 47.556], [-122.248, 47.556], [-122.247, 47.556], [-122.247, 47.556], [-122.247, 47.556], [-122.247, 47.556], [-122.247, 47.556], [-122.247, 47.556], [-122.247, 47.556], [-122.247, 47.556], [-122.247, 47.556], [-122.247, 47.555], [-122.247, 47.555], [-122.247, 47.555], [-122.247, 47.555], [-122.247, 47.555], [-122.247, 47.555], [-122.247, 47.555], [-122.247, 47.555], [-122.247, 47.555], [-122.247, 47.554], [-122.247, 47.554], [-122.247, 47.554], [-122.247, 47.554], [-122.247, 47.554], [-122.247, 47.554], [-122.246, 47.554], [-122.246, 47.554], [-122.246, 47.554], [-122.246, 47.554], [-122.246, 47.554], [-122.246, 47.553], [-122.246, 47.553], [-122.246, 47.553], [-122.246, 47.553], [-122.246, 47.553], [-122.246, 47.553], [-122.246, 47.553], [-122.247, 47.553], [-122.247, 47.553], [-122.247, 47.553], [-122.247, 47.552], [-122.247, 47.552], [-122.247, 47.552], [-122.247, 47.552], [-122.247, 47.552], [-122.247, 47.552], [-122.247, 47.552], [-122.247, 47.552], [-122.247, 47.552], [-122.248, 47.551], [-122.248, 47.551], [-122.248, 47.551], [-122.248, 47.551], [-122.248, 47.551], [-122.248, 47.551], [-122.248, 47.551], [-122.248, 47.551], [-122.248, 47.551], [-122.248, 47.551], [-122.249, 47.55], [-122.249, 47.55], [-122.249, 47.55], [-122.249, 47.55], [-122.249, 47.55], [-122.249, 47.55], [-122.249, 47.55], [-122.249, 47.55], [-122.249, 47.55], [-122.249, 47.55], [-122.249, 47.55], [-122.249, 47.55], [-122.25, 47.55], [-122.25, 47.55], [-122.25, 47.549], [-122.25, 47.549], [-122.25, 47.549], [-122.25, 47.549], [-122.25, 47.549], [-122.251, 47.549], [-122.251, 47.549], [-122.251, 47.549], [-122.251, 47.549], [-122.251, 47.549], [-122.251, 47.549], [-122.251, 47.549], [-122.251, 47.549], [-122.252, 47.549], [-122.252, 47.549], [-122.252, 47.549], [-122.252, 47.549], [-122.252, 47.549], [-122.252, 47.549], [-122.252, 47.549], [-122.252, 47.549], [-122.252, 47.549], [-122.253, 47.549], [-122.253, 47.549], [-122.253, 47.549], [-122.253, 47.549], [-122.254, 47.549], [-122.254, 47.549], [-122.254, 47.549], [-122.254, 47.549], [-122.254, 47.549], [-122.255, 47.549], [-122.255, 47.549], [-122.255, 47.549], [-122.256, 47.549], [-122.256, 47.549], [-122.256, 47.549], [-122.256, 47.549], [-122.256, 47.549], [-122.256, 47.549], [-122.257, 47.549], [-122.257, 47.549], [-122.257, 47.549], [-122.257, 47.549], [-122.257, 47.549], [-122.257, 47.548], [-122.257, 47.548], [-122.257, 47.548], [-122.257, 47.548], [-122.257, 47.548], [-122.257, 47.548], [-122.257, 47.548], [-122.258, 47.548], [-122.258, 47.548], [-122.258, 47.548], [-122.258, 47.548], [-122.258, 47.548], [-122.258, 47.547], [-122.258, 47.547], [-122.258, 47.547], [-122.258, 47.547], [-122.258, 47.547], [-122.258, 47.547], [-122.258, 47.547], [-122.258, 47.547], [-122.258, 47.547], [-122.258, 47.547], [-122.258, 47.547], [-122.258, 47.547], [-122.258, 47.547], [-122.258, 47.546], [-122.258, 47.546], [-122.258, 47.546], [-122.258, 47.546], [-122.258, 47.546], [-122.258, 47.546], [-122.258, 47.546], [-122.258, 47.546], [-122.257, 47.546], [-122.257, 47.546], [-122.257, 47.546], [-122.257, 47.546], [-122.257, 47.546], [-122.257, 47.546], [-122.257, 47.546], [-122.257, 47.545], [-122.257, 47.545], [-122.257, 47.545], [-122.257, 47.545], [-122.257, 47.545], [-122.257, 47.545], [-122.257, 47.545], [-122.257, 47.545], [-122.257, 47.545], [-122.257, 47.545], [-122.257, 47.545], [-122.257, 47.545], [-122.257, 47.545], [-122.257, 47.545], [-122.258, 47.545], [-122.258, 47.545], [-122.258, 47.545], [-122.258, 47.545], [-122.258, 47.544], [-122.258, 47.544], [-122.258, 47.544], [-122.258, 47.544], [-122.258, 47.544], [-122.258, 47.544], [-122.258, 47.544], [-122.258, 47.544], [-122.258, 47.544], [-122.258, 47.544], [-122.258, 47.544], [-122.258, 47.544], [-122.258, 47.544], [-122.258, 47.544], [-122.258, 47.544], [-122.258, 47.544], [-122.258, 47.544], [-122.258, 47.544], [-122.258, 47.544], [-122.258, 47.544], [-122.258, 47.544], [-122.258, 47.544], [-122.258, 47.543], [-122.258, 47.543], [-122.259, 47.543], [-122.259, 47.543], [-122.259, 47.543], [-122.259, 47.543], [-122.259, 47.543], [-122.259, 47.543], [-122.259, 47.543], [-122.259, 47.543], [-122.259, 47.543], [-122.259, 47.542], [-122.259, 47.542], [-122.259, 47.542], [-122.259, 47.542], [-122.259, 47.542], [-122.259, 47.542], [-122.26, 47.542], [-122.26, 47.542], [-122.26, 47.542], [-122.26, 47.542], [-122.26, 47.542], [-122.26, 47.542], [-122.26, 47.542], [-122.26, 47.542], [-122.26, 47.542], [-122.26, 47.541], [-122.26, 47.541], [-122.26, 47.541], [-122.26, 47.541], [-122.26, 47.541], [-122.261, 47.541], [-122.261, 47.541], [-122.261, 47.541], [-122.261, 47.541], [-122.261, 47.541], [-122.261, 47.541], [-122.261, 47.541], [-122.261, 47.541], [-122.261, 47.541], [-122.261, 47.541], [-122.261, 47.541], [-122.261, 47.541], [-122.262, 47.541], [-122.262, 47.54], [-122.262, 47.54], [-122.262, 47.54], [-122.262, 47.54], [-122.262, 47.54], [-122.262, 47.54], [-122.262, 47.54], [-122.262, 47.54], [-122.262, 47.54], [-122.262, 47.54], [-122.262, 47.54], [-122.262, 47.54], [-122.262, 47.539], [-122.262, 47.539], [-122.262, 47.539], [-122.262, 47.539], [-122.262, 47.539], [-122.262, 47.539], [-122.262, 47.539], [-122.262, 47.539], [-122.262, 47.539], [-122.262, 47.539], [-122.262, 47.539], [-122.262, 47.539], [-122.262, 47.538], [-122.262, 47.538], [-122.262, 47.538], [-122.262, 47.538], [-122.262, 47.538], [-122.262, 47.538], [-122.262, 47.538], [-122.262, 47.538], [-122.262, 47.538], [-122.262, 47.538], [-122.262, 47.538], [-122.262, 47.538], [-122.262, 47.537], [-122.262, 47.537], [-122.262, 47.537], [-122.262, 47.537], [-122.262, 47.537], [-122.262, 47.537], [-122.262, 47.537], [-122.263, 47.537], [-122.263, 47.537], [-122.263, 47.537], [-122.263, 47.537], [-122.263, 47.537], [-122.263, 47.536], [-122.263, 47.536], [-122.263, 47.536], [-122.263, 47.536], [-122.263, 47.536], [-122.263, 47.536], [-122.263, 47.536], [-122.263, 47.536], [-122.263, 47.536], [-122.263, 47.536], [-122.263, 47.536], [-122.263, 47.536], [-122.263, 47.536], [-122.263, 47.536], [-122.263, 47.536], [-122.263, 47.536], [-122.263, 47.535], [-122.263, 47.535], [-122.263, 47.535], [-122.263, 47.535], [-122.264, 47.535], [-122.264, 47.535], [-122.264, 47.535], [-122.264, 47.535], [-122.264, 47.535], [-122.264, 47.535], [-122.264, 47.535], [-122.264, 47.535], [-122.264, 47.535], [-122.264, 47.535], [-122.264, 47.535], [-122.264, 47.535], [-122.264, 47.534], [-122.264, 47.534], [-122.264, 47.534], [-122.264, 47.534], [-122.264, 47.534], [-122.264, 47.534], [-122.264, 47.534], [-122.264, 47.534], [-122.264, 47.534], [-122.264, 47.533], [-122.264, 47.533], [-122.264, 47.533], [-122.264, 47.533], [-122.264, 47.533], [-122.264, 47.533], [-122.264, 47.533], [-122.264, 47.533], [-122.264, 47.533], [-122.264, 47.533], [-122.264, 47.533], [-122.264, 47.533], [-122.263, 47.533], [-122.263, 47.533], [-122.263, 47.533], [-122.263, 47.532], [-122.263, 47.532], [-122.263, 47.532], [-122.263, 47.532], [-122.263, 47.532], [-122.263, 47.532], [-122.263, 47.532], [-122.263, 47.532], [-122.263, 47.532], [-122.263, 47.532], [-122.263, 47.532], [-122.263, 47.532], [-122.263, 47.532], [-122.266, 47.532], [-122.266, 47.532], [-122.267, 47.534], [-122.267, 47.535], [-122.267, 47.539], [-122.267, 47.539], [-122.267, 47.539], [-122.267, 47.539], [-122.267, 47.539], [-122.267, 47.539], [-122.267, 47.539], [-122.267, 47.539], [-122.267, 47.539], [-122.267, 47.539], [-122.267, 47.539], [-122.267, 47.539], [-122.267, 47.539], [-122.267, 47.539], [-122.267, 47.539], [-122.267, 47.539], [-122.267, 47.54], [-122.267, 47.54], [-122.267, 47.54], [-122.267, 47.54], [-122.267, 47.54], [-122.269, 47.54], [-122.27, 47.54], [-122.27, 47.545], [-122.273, 47.546]]], [[[-122.314, 47.547], [-122.311, 47.549], [-122.31, 47.548], [-122.308, 47.547], [-122.307, 47.546], [-122.306, 47.545], [-122.305, 47.544], [-122.303, 47.543], [-122.303, 47.542], [-122.301, 47.541], [-122.3, 47.539], [-122.3, 47.539], [-122.3, 47.539], [-122.3, 47.539], [-122.299, 47.539], [-122.299, 47.539], [-122.299, 47.539], [-122.299, 47.539], [-122.299, 47.539], [-122.299, 47.539], [-122.299, 47.539], [-122.299, 47.539], [-122.299, 47.539], [-122.299, 47.539], [-122.299, 47.539], [-122.299, 47.539], [-122.299, 47.539], [-122.299, 47.539], [-122.298, 47.539], [-122.298, 47.539], [-122.298, 47.539], [-122.297, 47.539], [-122.293, 47.539], [-122.291, 47.539], [-122.29, 47.538], [-122.287, 47.537], [-122.287, 47.537], [-122.287, 47.537], [-122.287, 47.537], [-122.287, 47.537], [-122.287, 47.537], [-122.287, 47.537], [-122.287, 47.537], [-122.287, 47.537], [-122.287, 47.537], [-122.287, 47.537], [-122.287, 47.537], [-122.287, 47.537], [-122.287, 47.537], [-122.287, 47.537], [-122.287, 47.537], [-122.287, 47.537], [-122.286, 47.536], [-122.286, 47.536], [-122.285, 47.536], [-122.285, 47.536], [-122.285, 47.536], [-122.285, 47.536], [-122.285, 47.536], [-122.285, 47.536], [-122.285, 47.536], [-122.285, 47.536], [-122.284, 47.536], [-122.284, 47.536], [-122.284, 47.536], [-122.284, 47.536], [-122.284, 47.536], [-122.284, 47.536], [-122.284, 47.536], [-122.284, 47.536], [-122.284, 47.536], [-122.284, 47.536], [-122.284, 47.536], [-122.284, 47.536], [-122.284, 47.535], [-122.284, 47.535], [-122.284, 47.535], [-122.284, 47.535], [-122.284, 47.535], [-122.284, 47.535], [-122.284, 47.535], [-122.284, 47.535], [-122.284, 47.535], [-122.284, 47.535], [-122.284, 47.535], [-122.284, 47.535], [-122.284, 47.535], [-122.283, 47.534], [-122.283, 47.534], [-122.283, 47.534], [-122.283, 47.534], [-122.283, 47.534], [-122.283, 47.534], [-122.283, 47.534], [-122.283, 47.533], [-122.283, 47.533], [-122.283, 47.533], [-122.283, 47.533], [-122.283, 47.533], [-122.283, 47.533], [-122.283, 47.533], [-122.283, 47.533], [-122.283, 47.533], [-122.283, 47.533], [-122.283, 47.533], [-122.283, 47.533], [-122.283, 47.533], [-122.283, 47.533], [-122.283, 47.532], [-122.281, 47.532], [-122.281, 47.529], [-122.28, 47.527], [-122.279, 47.526], [-122.279, 47.526], [-122.279, 47.526], [-122.279, 47.526], [-122.279, 47.526], [-122.279, 47.526], [-122.279, 47.526], [-122.279, 47.526], [-122.279, 47.525], [-122.279, 47.525], [-122.279, 47.525], [-122.279, 47.525], [-122.279, 47.525], [-122.279, 47.525], [-122.279, 47.525], [-122.279, 47.525], [-122.279, 47.525], [-122.279, 47.525], [-122.279, 47.525], [-122.279, 47.525], [-122.279, 47.525], [-122.279, 47.525], [-122.279, 47.525], [-122.279, 47.523], [-122.28, 47.521], [-122.28, 47.521], [-122.28, 47.521], [-122.28, 47.521], [-122.28, 47.52], [-122.28, 47.52], [-122.28, 47.52], [-122.28, 47.52], [-122.28, 47.52], [-122.28, 47.52], [-122.28, 47.52], [-122.28, 47.52], [-122.28, 47.52], [-122.28, 47.52], [-122.28, 47.52], [-122.28, 47.52], [-122.28, 47.52], [-122.28, 47.52], [-122.28, 47.52], [-122.28, 47.52], [-122.28, 47.52], [-122.28, 47.52], [-122.28, 47.519], [-122.28, 47.519], [-122.28, 47.519], [-122.28, 47.519], [-122.28, 47.519], [-122.28, 47.519], [-122.28, 47.519], [-122.28, 47.519], [-122.28, 47.519], [-122.28, 47.519], [-122.28, 47.519], [-122.28, 47.519], [-122.28, 47.519], [-122.28, 47.519], [-122.28, 47.519], [-122.28, 47.519], [-122.28, 47.518], [-122.28, 47.518], [-122.28, 47.518], [-122.28, 47.518], [-122.28, 47.518], [-122.28, 47.518], [-122.28, 47.518], [-122.28, 47.518], [-122.279, 47.518], [-122.279, 47.513], [-122.278, 47.51], [-122.279, 47.51], [-122.281, 47.51], [-122.284, 47.51], [-122.285, 47.51], [-122.285, 47.51], [-122.286, 47.51], [-122.29, 47.51], [-122.29, 47.51], [-122.291, 47.512], [-122.291, 47.514], [-122.291, 47.515], [-122.291, 47.517], [-122.291, 47.519], [-122.291, 47.52], [-122.291, 47.521], [-122.291, 47.522], [-122.291, 47.522], [-122.291, 47.523], [-122.292, 47.524], [-122.294, 47.528], [-122.296, 47.533], [-122.298, 47.534], [-122.31, 47.544], [-122.314, 47.547]]]]}}, {"type": "Feature", "properties": {"name": "洛杉矶", "nameEn": "Los Angeles", "country": "美国", "level": "city"}, "geometry": {"type": "MultiPolygon", "coordinates": [[[[-118.557, 34.127], [-118.555, 34.128], [-118.555, 34.127], [-118.543, 34.127], [-118.541, 34.128], [-118.539, 34.128], [-118.538, 34.129], [-118.537, 34.129], [-118.536, 34.129], [-118.534, 34.128], [-118.532, 34.129], [-118.53, 34.13], [-118.529, 34.126], [-118.528, 34.119], [-118.528, 34.118], [-118.525, 34.104], [-118.521, 34.089], [-118.518, 34.083], [-118.518, 34.082], [-118.519, 34.08], [-118.517, 34.076], [-118.516, 34.072], [-118.513, 34.069], [-118.511, 34.067], [-118.507, 34.062], [-118.507, 34.057], [-118.507, 34.055], [-118.51, 34.051], [-118.51, 34.051], [-118.509, 34.051], [-118.509, 34.05], [-118.509, 34.049], [-118.509, 34.049], [-118.51, 34.047], [-118.51, 34.047], [-118.51, 34.047], [-118.51, 34.046], [-118.509, 34.046], [-118.508, 34.046], [-118.508, 34.047], [-118.505, 34.051], [-118.504, 34.052], [-118.503, 34.053], [-118.502, 34.053], [-118.502, 34.053], [-118.501, 34.053], [-118.5, 34.053], [-118.499, 34.053], [-118.499, 34.054], [-118.499, 34.055], [-118.498, 34.055], [-118.496, 34.056], [-118.496, 34.056], [-118.496, 34.056], [-118.496, 34.06], [-118.495, 34.06], [-118.495, 34.06], [-118.495, 34.061], [-118.495, 34.061], [-118.494, 34.061], [-118.494, 34.061], [-118.494, 34.06], [-118.493, 34.06], [-118.493, 34.06], [-118.493, 34.059], [-118.493, 34.059], [-118.493, 34.059], [-118.493, 34.056], [-118.493, 34.052], [-118.494, 34.05], [-118.494, 34.05], [-118.495, 34.051], [-118.495, 34.05], [-118.495, 34.05], [-118.495, 34.05], [-118.498, 34.047], [-118.502, 34.042], [-118.504, 34.041], [-118.504, 34.041], [-118.505, 34.041], [-118.506, 34.041], [-118.507, 34.04], [-118.508, 34.039], [-118.508, 34.039], [-118.508, 34.039], [-118.508, 34.038], [-118.508, 34.038], [-118.508, 34.038], [-118.508, 34.036], [-118.508, 34.035], [-118.509, 34.034], [-118.509, 34.033], [-118.509, 34.033], [-118.509, 34.033], [-118.509, 34.033], [-118.51, 34.033], [-118.51, 34.032], [-118.51, 34.032], [-118.51, 34.032], [-118.51, 34.032], [-118.511, 34.031], [-118.511, 34.031], [-118.511, 34.031], [-118.512, 34.031], [-118.512, 34.031], [-118.513, 34.03], [-118.513, 34.029], [-118.514, 34.029], [-118.514, 34.029], [-118.514, 34.028], [-118.515, 34.028], [-118.515, 34.028], [-118.515, 34.027], [-118.516, 34.026], [-118.516, 34.026], [-118.517, 34.026], [-118.518, 34.025], [-118.519, 34.026], [-118.52, 34.026], [-118.52, 34.026], [-118.521, 34.027], [-118.521, 34.027], [-118.522, 34.028], [-118.524, 34.029], [-118.526, 34.03], [-118.527, 34.031], [-118.529, 34.032], [-118.53, 34.032], [-118.53, 34.032], [-118.531, 34.032], [-118.532, 34.033], [-118.534, 34.034], [-118.536, 34.035], [-118.538, 34.035], [-118.539, 34.036], [-118.54, 34.036], [-118.543, 34.038], [-118.544, 34.038], [-118.545, 34.039], [-118.546, 34.039], [-118.549, 34.039], [-118.55, 34.039], [-118.551, 34.039], [-118.552, 34.039], [-118.553, 34.038], [-118.554, 34.038], [-118.555, 34.038], [-118.556, 34.038], [-118.557, 34.038], [-118.559, 34.039], [-118.559, 34.039], [-118.561, 34.04], [-118.562, 34.04], [-118.562, 34.04], [-118.563, 34.04], [-118.564, 34.041], [-118.565, 34.041], [-118.566, 34.041], [-118.567, 34.041], [-118.567, 34.041], [-118.567, 34.041], [-118.567, 34.041], [-118.567, 34.041], [-118.567, 34.042], [-118.567, 34.042], [-118.567, 34.042], [-118.568, 34.043], [-118.569, 34.046], [-118.569, 34.046], [-118.57, 34.046], [-118.57, 34.047], [-118.57, 34.048], [-118.57, 34.049], [-118.57, 34.062], [-118.57, 34.066], [-118.57, 34.069], [-118.571, 34.069], [-118.585, 34.072], [-118.587, 34.072], [-118.588, 34.072], [-118.599, 34.074], [-118.599, 34.074], [-118.599, 34.075], [-118.599, 34.075], [-118.598, 34.077], [-118.595, 34.081], [-118.593, 34.084], [-118.591, 34.088], [-118.589, 34.09], [-118.588, 34.093], [-118.587, 34.094], [-118.587, 34.094], [-118.585, 34.098], [-118.579, 34.107], [-118.577, 34.11], [-118.576, 34.113], [-118.573, 34.118], [-118.565, 34.13], [-118.565, 34.13], [-118.566, 34.131], [-118.566, 34.131], [-118.564, 34.132], [-118.561, 34.13], [-118.56, 34.13], [-118.557, 34.127]]], [[[-118.585, 34.303], [-118.58, 34.302], [-118.577, 34.3], [-118.573, 34.299], [-118.572, 34.299], [-118.571, 34.297], [-118.57, 34.296], [-118.572, 34.295], [-118.572, 34.295], [-118.57, 34.287], [-118.57, 34.28], [-118.57, 34.28], [-118.563, 34.275], [-118.562, 34.275], [-118.56, 34.275], [-118.56, 34.274], [-118.559, 34.274], [-118.558, 34.273], [-118.557, 34.273], [-118.557, 34.272], [-118.557, 34.271], [-118.557, 34.271], [-118.557, 34.271], [-118.557, 34.267], [-118.557, 34.267], [-118.557, 34.266], [-118.557, 34.266], [-118.558, 34.263], [-118.558, 34.259], [-118.558, 34.257], [-118.559, 34.256], [-118.56, 34.254], [-118.56, 34.253], [-118.562, 34.25], [-118.563, 34.248], [-118.563, 34.247], [-118.564, 34.243], [-118.564, 34.24], [-118.564, 34.235], [-118.563, 34.234], [-118.571, 34.236], [-118.573, 34.231], [-118.575, 34.231], [-118.576, 34.231], [-118.578, 34.231], [-118.579, 34.231], [-118.581, 34.231], [-118.581, 34.232], [-118.581, 34.232], [-118.581, 34.232], [-118.581, 34.234], [-118.581, 34.235], [-118.582, 34.235], [-118.582, 34.235], [-118.584, 34.235], [-118.591, 34.235], [-118.594, 34.235], [-118.597, 34.235], [-118.6, 34.235], [-118.602, 34.235], [-118.605, 34.235], [-118.605, 34.236], [-118.608, 34.238], [-118.608, 34.238], [-118.609, 34.239], [-118.612, 34.238], [-118.615, 34.238], [-118.617, 34.238], [-118.619, 34.238], [-118.621, 34.239], [-118.621, 34.24], [-118.621, 34.241], [-118.622, 34.242], [-118.622, 34.242], [-118.622, 34.242], [-118.625, 34.24], [-118.626, 34.24], [-118.63, 34.239], [-118.63, 34.239], [-118.63, 34.239], [-118.631, 34.238], [-118.632, 34.237], [-118.632, 34.237], [-118.632, 34.237], [-118.632, 34.237], [-118.632, 34.237], [-118.632, 34.237], [-118.633, 34.237], [-118.633, 34.237], [-118.633, 34.237], [-118.634, 34.237], [-118.634, 34.237], [-118.635, 34.237], [-118.636, 34.237], [-118.637, 34.237], [-118.637, 34.237], [-118.638, 34.237], [-118.638, 34.237], [-118.639, 34.238], [-118.642, 34.238], [-118.643, 34.238], [-118.643, 34.238], [-118.644, 34.238], [-118.644, 34.238], [-118.644, 34.238], [-118.645, 34.238], [-118.647, 34.238], [-118.647, 34.238], [-118.647, 34.236], [-118.648, 34.235], [-118.648, 34.235], [-118.648, 34.234], [-118.649, 34.23], [-118.649, 34.23], [-118.649, 34.229], [-118.65, 34.227], [-118.65, 34.227], [-118.652, 34.227], [-118.652, 34.227], [-118.652, 34.227], [-118.652, 34.227], [-118.653, 34.227], [-118.653, 34.227], [-118.653, 34.227], [-118.653, 34.227], [-118.653, 34.227], [-118.654, 34.227], [-118.654, 34.226], [-118.654, 34.226], [-118.654, 34.226], [-118.654, 34.225], [-118.654, 34.225], [-118.654, 34.225], [-118.654, 34.225], [-118.659, 34.222], [-118.66, 34.221], [-118.659, 34.217], [-118.656, 34.216], [-118.653, 34.216], [-118.652, 34.216], [-118.653, 34.215], [-118.653, 34.213], [-118.657, 34.213], [-118.658, 34.213], [-118.658, 34.213], [-118.661, 34.213], [-118.663, 34.213], [-118.663, 34.209], [-118.663, 34.209], [-118.668, 34.209], [-118.668, 34.209], [-118.668, 34.21], [-118.668, 34.211], [-118.668, 34.215], [-118.668, 34.218], [-118.668, 34.218], [-118.668, 34.223], [-118.668, 34.224], [-118.668, 34.226], [-118.668, 34.229], [-118.668, 34.229], [-118.668, 34.231], [-118.668, 34.232], [-118.668, 34.237], [-118.668, 34.238], [-118.668, 34.24], [-118.665, 34.24], [-118.659, 34.24], [-118.653, 34.24], [-118.652, 34.24], [-118.65, 34.24], [-118.65, 34.24], [-118.65, 34.24], [-118.649, 34.24], [-118.649, 34.24], [-118.648, 34.24], [-118.648, 34.24], [-118.648, 34.24], [-118.647, 34.24], [-118.645, 34.24], [-118.645, 34.24], [-118.644, 34.24], [-118.643, 34.24], [-118.642, 34.24], [-118.642, 34.24], [-118.642, 34.24], [-118.642, 34.24], [-118.642, 34.24], [-118.642, 34.24], [-118.642, 34.24], [-118.641, 34.24], [-118.641, 34.24], [-118.641, 34.24], [-118.641, 34.24], [-118.64, 34.24], [-118.638, 34.24], [-118.638, 34.24], [-118.638, 34.24], [-118.637, 34.24], [-118.637, 34.24], [-118.637, 34.24], [-118.637, 34.24], [-118.636, 34.24], [-118.636, 34.24], [-118.635, 34.24], [-118.635, 34.24], [-118.635, 34.24], [-118.634, 34.24], [-118.634, 34.24], [-118.634, 34.24], [-118.633, 34.24], [-118.633, 34.24], [-118.633, 34.24], [-118.632, 34.24], [-118.632, 34.242], [-118.632, 34.242], [-118.632, 34.242], [-118.633, 34.246], [-118.632, 34.249], [-118.632, 34.256], [-118.632, 34.258], [-118.632, 34.258], [-118.632, 34.258], [-118.632, 34.259], [-118.632, 34.261], [-118.632, 34.262], [-118.632, 34.263], [-118.632, 34.264], [-118.632, 34.264], [-118.632, 34.264], [-118.633, 34.268], [-118.633, 34.27], [-118.633, 34.27], [-118.633, 34.27], [-118.631, 34.271], [-118.631, 34.272], [-118.63, 34.273], [-118.629, 34.273], [-118.628, 34.273], [-118.628, 34.274], [-118.627, 34.274], [-118.626, 34.275], [-118.626, 34.275], [-118.625, 34.275], [-118.624, 34.275], [-118.624, 34.276], [-118.623, 34.276], [-118.617, 34.276], [-118.609, 34.278], [-118.607, 34.278], [-118.607, 34.278], [-118.606, 34.278], [-118.605, 34.278], [-118.605, 34.278], [-118.604, 34.278], [-118.604, 34.278], [-118.604, 34.277], [-118.601, 34.276], [-118.601, 34.276], [-118.597, 34.275], [-118.597, 34.275], [-118.596, 34.275], [-118.596, 34.275], [-118.596, 34.275], [-118.596, 34.275], [-118.594, 34.277], [-118.593, 34.278], [-118.592, 34.279], [-118.592, 34.279], [-118.592, 34.28], [-118.592, 34.281], [-118.592, 34.282], [-118.592, 34.282], [-118.592, 34.282], [-118.591, 34.282], [-118.591, 34.283], [-118.591, 34.283], [-118.591, 34.284], [-118.592, 34.285], [-118.592, 34.287], [-118.592, 34.288], [-118.591, 34.292], [-118.591, 34.297], [-118.591, 34.298], [-118.589, 34.303], [-118.588, 34.303], [-118.585, 34.303]]], [[[-118.341, 34.272], [-118.338, 34.272], [-118.336, 34.268], [-118.335, 34.267], [-118.333, 34.265], [-118.334, 34.264], [-118.331, 34.261], [-118.331, 34.26], [-118.329, 34.258], [-118.326, 34.253], [-118.325, 34.252], [-118.325, 34.25], [-118.324, 34.243], [-118.323, 34.242], [-118.321, 34.241], [-118.319, 34.24], [-118.315, 34.239], [-118.314, 34.238], [-118.313, 34.237], [-118.312, 34.237], [-118.311, 34.236], [-118.309, 34.234], [-118.308, 34.233], [-118.306, 34.233], [-118.304, 34.233], [-118.295, 34.233], [-118.292, 34.234], [-118.291, 34.234], [-118.288, 34.234], [-118.284, 34.234], [-118.28, 34.233], [-118.277, 34.233], [-118.273, 34.234], [-118.272, 34.233], [-118.272, 34.232], [-118.267, 34.231], [-118.267, 34.229], [-118.267, 34.223], [-118.267, 34.222], [-118.276, 34.222], [-118.282, 34.222], [-118.292, 34.222], [-118.293, 34.222], [-118.299, 34.222], [-118.304, 34.222], [-118.306, 34.222], [-118.306, 34.222], [-118.31, 34.221], [-118.319, 34.221], [-118.323, 34.221], [-118.329, 34.221], [-118.335, 34.221], [-118.338, 34.221], [-118.335, 34.217], [-118.335, 34.217], [-118.335, 34.215], [-118.336, 34.215], [-118.336, 34.214], [-118.338, 34.213], [-118.338, 34.212], [-118.338, 34.211], [-118.34, 34.211], [-118.34, 34.211], [-118.34, 34.21], [-118.34, 34.21], [-118.34, 34.206], [-118.341, 34.206], [-118.343, 34.207], [-118.346, 34.211], [-118.348, 34.213], [-118.351, 34.216], [-118.355, 34.218], [-118.358, 34.222], [-118.358, 34.222], [-118.358, 34.222], [-118.358, 34.222], [-118.359, 34.222], [-118.359, 34.222], [-118.359, 34.222], [-118.362, 34.225], [-118.365, 34.229], [-118.367, 34.23], [-118.367, 34.231], [-118.371, 34.234], [-118.374, 34.237], [-118.381, 34.243], [-118.383, 34.246], [-118.387, 34.249], [-118.388, 34.257], [-118.391, 34.257], [-118.386, 34.261], [-118.38, 34.26], [-118.372, 34.261], [-118.371, 34.26], [-118.365, 34.266], [-118.36, 34.267], [-118.357, 34.268], [-118.357, 34.269], [-118.355, 34.269], [-118.352, 34.27], [-118.35, 34.271], [-118.347, 34.271], [-118.346, 34.271], [-118.346, 34.272], [-118.344, 34.272], [-118.343, 34.272], [-118.341, 34.272]]], [[[-118.488, 34.13], [-118.487, 34.13], [-118.481, 34.13], [-118.48, 34.13], [-118.48, 34.13], [-118.48, 34.13], [-118.479, 34.13], [-118.479, 34.129], [-118.479, 34.128], [-118.478, 34.126], [-118.478, 34.126], [-118.478, 34.126], [-118.478, 34.126], [-118.476, 34.126], [-118.478, 34.123], [-118.48, 34.121], [-118.482, 34.118], [-118.482, 34.117], [-118.482, 34.111], [-118.478, 34.105], [-118.477, 34.104], [-118.477, 34.103], [-118.478, 34.101], [-118.478, 34.099], [-118.478, 34.099], [-118.477, 34.097], [-118.476, 34.096], [-118.476, 34.096], [-118.476, 34.096], [-118.476, 34.096], [-118.476, 34.095], [-118.476, 34.093], [-118.476, 34.09], [-118.475, 34.085], [-118.475, 34.084], [-118.474, 34.083], [-118.473, 34.081], [-118.47, 34.078], [-118.469, 34.078], [-118.469, 34.077], [-118.468, 34.076], [-118.468, 34.076], [-118.466, 34.073], [-118.466, 34.073], [-118.465, 34.071], [-118.461, 34.066], [-118.46, 34.066], [-118.46, 34.066], [-118.459, 34.065], [-118.457, 34.062], [-118.456, 34.061], [-118.456, 34.06], [-118.459, 34.058], [-118.461, 34.06], [-118.463, 34.063], [-118.463, 34.064], [-118.463, 34.064], [-118.463, 34.065], [-118.463, 34.065], [-118.465, 34.067], [-118.467, 34.068], [-118.467, 34.068], [-118.469, 34.066], [-118.469, 34.066], [-118.469, 34.065], [-118.469, 34.064], [-118.468, 34.062], [-118.468, 34.062], [-118.467, 34.06], [-118.466, 34.059], [-118.466, 34.058], [-118.465, 34.057], [-118.464, 34.056], [-118.463, 34.055], [-118.462, 34.054], [-118.462, 34.053], [-118.46, 34.052], [-118.46, 34.05], [-118.461, 34.05], [-118.462, 34.049], [-118.463, 34.048], [-118.464, 34.047], [-118.465, 34.046], [-118.467, 34.044], [-118.469, 34.043], [-118.47, 34.042], [-118.471, 34.041], [-118.471, 34.041], [-118.471, 34.041], [-118.472, 34.042], [-118.474, 34.044], [-118.474, 34.044], [-118.474, 34.044], [-118.476, 34.046], [-118.477, 34.047], [-118.477, 34.047], [-118.477, 34.047], [-118.478, 34.047], [-118.478, 34.046], [-118.478, 34.046], [-118.478, 34.046], [-118.478, 34.046], [-118.478, 34.046], [-118.479, 34.046], [-118.479, 34.045], [-118.479, 34.045], [-118.479, 34.045], [-118.48, 34.045], [-118.48, 34.045], [-118.48, 34.045], [-118.48, 34.044], [-118.481, 34.044], [-118.482, 34.043], [-118.482, 34.043], [-118.482, 34.043], [-118.483, 34.042], [-118.484, 34.042], [-118.484, 34.041], [-118.484, 34.042], [-118.485, 34.043], [-118.486, 34.043], [-118.487, 34.044], [-118.487, 34.044], [-118.488, 34.045], [-118.489, 34.046], [-118.489, 34.046], [-118.49, 34.047], [-118.491, 34.048], [-118.491, 34.048], [-118.492, 34.048], [-118.492, 34.049], [-118.493, 34.049], [-118.493, 34.049], [-118.494, 34.05], [-118.494, 34.05], [-118.494, 34.05], [-118.493, 34.052], [-118.493, 34.056], [-118.493, 34.059], [-118.493, 34.059], [-118.493, 34.059], [-118.493, 34.06], [-118.493, 34.06], [-118.494, 34.06], [-118.494, 34.061], [-118.494, 34.061], [-118.495, 34.061], [-118.495, 34.061], [-118.495, 34.06], [-118.495, 34.06], [-118.496, 34.06], [-118.496, 34.056], [-118.496, 34.056], [-118.496, 34.056], [-118.498, 34.055], [-118.499, 34.055], [-118.499, 34.054], [-118.499, 34.053], [-118.5, 34.053], [-118.501, 34.053], [-118.502, 34.053], [-118.502, 34.053], [-118.503, 34.053], [-118.504, 34.052], [-118.505, 34.051], [-118.508, 34.047], [-118.508, 34.046], [-118.509, 34.046], [-118.51, 34.046], [-118.51, 34.047], [-118.51, 34.047], [-118.51, 34.047], [-118.509, 34.049], [-118.509, 34.049], [-118.509, 34.05], [-118.509, 34.051], [-118.51, 34.051], [-118.51, 34.051], [-118.507, 34.055], [-118.507, 34.057], [-118.507, 34.062], [-118.511, 34.067], [-118.513, 34.069], [-118.516, 34.072], [-118.517, 34.076], [-118.519, 34.08], [-118.518, 34.082], [-118.518, 34.083], [-118.521, 34.089], [-118.525, 34.104], [-118.528, 34.118], [-118.528, 34.119], [-118.529, 34.126], [-118.519, 34.13], [-118.516, 34.13], [-118.514, 34.13], [-118.51, 34.131], [-118.508, 34.131], [-118.503, 34.128], [-118.502, 34.13], [-118.497, 34.13], [-118.494, 34.13], [-118.493, 34.131], [-118.49, 34.131], [-118.488, 34.13]]], [[[-118.436, 34.33], [-118.431, 34.33], [-118.431, 34.33], [-118.429, 34.33], [-118.429, 34.33], [-118.429, 34.33], [-118.425, 34.33], [-118.421, 34.33], [-118.42, 34.33], [-118.419, 34.329], [-118.419, 34.33], [-118.419, 34.33], [-118.419, 34.33], [-118.419, 34.33], [-118.419, 34.329], [-118.418, 34.329], [-118.418, 34.33], [-118.419, 34.328], [-118.42, 34.328], [-118.421, 34.328], [-118.421, 34.326], [-118.42, 34.326], [-118.419, 34.326], [-118.416, 34.325], [-118.414, 34.325], [-118.414, 34.325], [-118.414, 34.325], [-118.413, 34.325], [-118.412, 34.326], [-118.412, 34.326], [-118.414, 34.33], [-118.414, 34.33], [-118.412, 34.33], [-118.409, 34.33], [-118.406, 34.33], [-118.405, 34.33], [-118.405, 34.328], [-118.405, 34.325], [-118.405, 34.324], [-118.405, 34.323], [-118.405, 34.322], [-118.404, 34.322], [-118.403, 34.321], [-118.402, 34.321], [-118.401, 34.32], [-118.401, 34.319], [-118.4, 34.32], [-118.399, 34.32], [-118.399, 34.32], [-118.397, 34.32], [-118.397, 34.32], [-118.396, 34.318], [-118.396, 34.318], [-118.397, 34.318], [-118.397, 34.317], [-118.397, 34.317], [-118.397, 34.317], [-118.397, 34.317], [-118.397, 34.318], [-118.399, 34.318], [-118.399, 34.318], [-118.4, 34.318], [-118.401, 34.318], [-118.401, 34.317], [-118.401, 34.316], [-118.401, 34.316], [-118.401, 34.316], [-118.401, 34.316], [-118.401, 34.315], [-118.401, 34.315], [-118.401, 34.31], [-118.401, 34.31], [-118.401, 34.31], [-118.402, 34.31], [-118.403, 34.309], [-118.403, 34.309], [-118.403, 34.31], [-118.403, 34.31], [-118.403, 34.31], [-118.404, 34.31], [-118.404, 34.31], [-118.404, 34.309], [-118.404, 34.309], [-118.404, 34.309], [-118.404, 34.309], [-118.404, 34.308], [-118.404, 34.308], [-118.406, 34.308], [-118.406, 34.308], [-118.406, 34.306], [-118.406, 34.304], [-118.403, 34.301], [-118.402, 34.301], [-118.401, 34.301], [-118.401, 34.301], [-118.401, 34.299], [-118.401, 34.299], [-118.401, 34.298], [-118.401, 34.298], [-118.401, 34.298], [-118.401, 34.297], [-118.401, 34.297], [-118.403, 34.297], [-118.403, 34.297], [-118.403, 34.294], [-118.403, 34.294], [-118.406, 34.294], [-118.409, 34.294], [-118.409, 34.292], [-118.41, 34.292], [-118.41, 34.292], [-118.41, 34.292], [-118.41, 34.292], [-118.41, 34.291], [-118.41, 34.291], [-118.41, 34.291], [-118.411, 34.291], [-118.412, 34.29], [-118.416, 34.294], [-118.416, 34.294], [-118.418, 34.297], [-118.42, 34.295], [-118.421, 34.294], [-118.424, 34.296], [-118.428, 34.3], [-118.429, 34.302], [-118.43, 34.303], [-118.431, 34.303], [-118.431, 34.304], [-118.432, 34.304], [-118.432, 34.305], [-118.433, 34.305], [-118.434, 34.304], [-118.435, 34.302], [-118.436, 34.302], [-118.436, 34.301], [-118.437, 34.3], [-118.44, 34.298], [-118.442, 34.296], [-118.442, 34.296], [-118.443, 34.296], [-118.443, 34.296], [-118.443, 34.296], [-118.443, 34.295], [-118.444, 34.295], [-118.445, 34.294], [-118.445, 34.294], [-118.445, 34.294], [-118.445, 34.294], [-118.447, 34.293], [-118.447, 34.293], [-118.448, 34.292], [-118.449, 34.291], [-118.45, 34.291], [-118.45, 34.29], [-118.45, 34.29], [-118.45, 34.29], [-118.45, 34.29], [-118.45, 34.289], [-118.451, 34.289], [-118.452, 34.288], [-118.452, 34.288], [-118.453, 34.288], [-118.454, 34.286], [-118.456, 34.285], [-118.456, 34.285], [-118.456, 34.285], [-118.456, 34.285], [-118.456, 34.285], [-118.456, 34.284], [-118.455, 34.284], [-118.455, 34.284], [-118.455, 34.284], [-118.455, 34.284], [-118.454, 34.283], [-118.453, 34.282], [-118.453, 34.282], [-118.452, 34.281], [-118.453, 34.281], [-118.454, 34.28], [-118.456, 34.28], [-118.457, 34.282], [-118.458, 34.283], [-118.459, 34.284], [-118.463, 34.286], [-118.464, 34.287], [-118.467, 34.291], [-118.468, 34.292], [-118.468, 34.292], [-118.47, 34.293], [-118.478, 34.301], [-118.48, 34.303], [-118.481, 34.305], [-118.49, 34.315], [-118.492, 34.315], [-118.492, 34.316], [-118.494, 34.318], [-118.495, 34.319], [-118.495, 34.319], [-118.496, 34.319], [-118.497, 34.319], [-118.497, 34.32], [-118.503, 34.324], [-118.504, 34.324], [-118.504, 34.325], [-118.504, 34.325], [-118.504, 34.325], [-118.503, 34.326], [-118.503, 34.327], [-118.506, 34.333], [-118.507, 34.333], [-118.507, 34.334], [-118.508, 34.334], [-118.508, 34.334], [-118.508, 34.334], [-118.508, 34.334], [-118.508, 34.334], [-118.507, 34.335], [-118.507, 34.335], [-118.507, 34.335], [-118.507, 34.335], [-118.506, 34.335], [-118.506, 34.336], [-118.506, 34.336], [-118.504, 34.337], [-118.504, 34.337], [-118.502, 34.337], [-118.499, 34.334], [-118.498, 34.334], [-118.495, 34.332], [-118.491, 34.331], [-118.489, 34.331], [-118.486, 34.33], [-118.485, 34.33], [-118.48, 34.33], [-118.477, 34.33], [-118.476, 34.33], [-118.469, 34.33], [-118.469, 34.33], [-118.468, 34.33], [-118.467, 34.33], [-118.465, 34.33], [-118.458, 34.33], [-118.455, 34.33], [-118.454, 34.33], [-118.449, 34.33], [-118.446, 34.33], [-118.442, 34.33], [-118.441, 34.33], [-118.436, 34.33]]], [[[-118.49, 34.315], [-118.481, 34.305], [-118.48, 34.303], [-118.478, 34.301], [-118.47, 34.293], [-118.469, 34.292], [-118.469, 34.292], [-118.468, 34.291], [-118.468, 34.288], [-118.469, 34.285], [-118.469, 34.281], [-118.469, 34.279], [-118.47, 34.277], [-118.471, 34.276], [-118.472, 34.272], [-118.472, 34.272], [-118.472, 34.27], [-118.472, 34.266], [-118.472, 34.266], [-118.472, 34.264], [-118.472, 34.26], [-118.472, 34.257], [-118.473, 34.257], [-118.474, 34.257], [-118.478, 34.257], [-118.485, 34.257], [-118.49, 34.257], [-118.491, 34.257], [-118.497, 34.257], [-118.502, 34.257], [-118.508, 34.257], [-118.509, 34.258], [-118.511, 34.258], [-118.515, 34.258], [-118.522, 34.258], [-118.523, 34.257], [-118.529, 34.257], [-118.529, 34.261], [-118.528, 34.264], [-118.528, 34.266], [-118.527, 34.267], [-118.527, 34.268], [-118.527, 34.268], [-118.526, 34.269], [-118.525, 34.27], [-118.525, 34.27], [-118.525, 34.27], [-118.525, 34.271], [-118.525, 34.271], [-118.526, 34.272], [-118.527, 34.272], [-118.527, 34.273], [-118.526, 34.273], [-118.526, 34.274], [-118.527, 34.275], [-118.527, 34.276], [-118.526, 34.276], [-118.526, 34.277], [-118.527, 34.278], [-118.527, 34.278], [-118.528, 34.279], [-118.528, 34.28], [-118.528, 34.281], [-118.528, 34.283], [-118.529, 34.286], [-118.534, 34.29], [-118.539, 34.296], [-118.54, 34.297], [-118.54, 34.297], [-118.541, 34.299], [-118.541, 34.299], [-118.541, 34.299], [-118.541, 34.299], [-118.541, 34.3], [-118.542, 34.3], [-118.543, 34.301], [-118.543, 34.302], [-118.543, 34.303], [-118.544, 34.304], [-118.544, 34.305], [-118.544, 34.306], [-118.544, 34.306], [-118.545, 34.308], [-118.546, 34.31], [-118.546, 34.311], [-118.547, 34.313], [-118.547, 34.313], [-118.546, 34.315], [-118.546, 34.316], [-118.546, 34.316], [-118.546, 34.317], [-118.546, 34.317], [-118.544, 34.317], [-118.534, 34.315], [-118.526, 34.321], [-118.523, 34.323], [-118.518, 34.327], [-118.508, 34.334], [-118.508, 34.334], [-118.508, 34.334], [-118.508, 34.334], [-118.507, 34.334], [-118.507, 34.333], [-118.506, 34.333], [-118.503, 34.327], [-118.503, 34.326], [-118.504, 34.325], [-118.504, 34.325], [-118.504, 34.325], [-118.504, 34.324], [-118.503, 34.324], [-118.497, 34.32], [-118.497, 34.319], [-118.496, 34.319], [-118.495, 34.319], [-118.495, 34.319], [-118.494, 34.318], [-118.492, 34.316], [-118.492, 34.315], [-118.49, 34.315]]]]}}, {"type": "Feature", "properties": {"name": "拉斯维加斯", "nameEn": "Las Vegas", "country": "美国", "level": "city"}, "geometry": {"type": "MultiPolygon", "coordinates": [[[[-115.407, 36.175], [-115.406, 36.196], [-115.398, 36.203], [-115.389, 36.21], [-115.371, 36.218], [-115.335, 36.218], [-115.334, 36.218], [-115.329, 36.218], [-115.33, 36.217], [-115.337, 36.212], [-115.338, 36.21], [-115.34, 36.208], [-115.341, 36.206], [-115.342, 36.201], [-115.343, 36.196], [-115.343, 36.192], [-115.343, 36.192], [-115.343, 36.191], [-115.342, 36.191], [-115.34, 36.192], [-115.338, 36.192], [-115.336, 36.192], [-115.335, 36.192], [-115.332, 36.193], [-115.328, 36.194], [-115.327, 36.194], [-115.326, 36.194], [-115.324, 36.194], [-115.323, 36.195], [-115.323, 36.196], [-115.323, 36.198], [-115.321, 36.201], [-115.32, 36.203], [-115.32, 36.205], [-115.312, 36.204], [-115.31, 36.204], [-115.309, 36.204], [-115.308, 36.205], [-115.306, 36.205], [-115.305, 36.206], [-115.303, 36.206], [-115.3, 36.206], [-115.296, 36.206], [-115.293, 36.205], [-115.29, 36.204], [-115.288, 36.203], [-115.284, 36.201], [-115.282, 36.2], [-115.279, 36.198], [-115.276, 36.197], [-115.274, 36.197], [-115.269, 36.197], [-115.266, 36.197], [-115.264, 36.197], [-115.261, 36.196], [-115.26, 36.189], [-115.287, 36.189], [-115.287, 36.174], [-115.287, 36.169], [-115.287, 36.167], [-115.288, 36.167], [-115.289, 36.167], [-115.29, 36.167], [-115.29, 36.167], [-115.293, 36.167], [-115.294, 36.168], [-115.296, 36.169], [-115.298, 36.17], [-115.311, 36.17], [-115.314, 36.168], [-115.314, 36.159], [-115.322, 36.159], [-115.325, 36.159], [-115.334, 36.159], [-115.338, 36.159], [-115.357, 36.159], [-115.357, 36.159], [-115.357, 36.159], [-115.358, 36.159], [-115.358, 36.159], [-115.358, 36.159], [-115.358, 36.159], [-115.358, 36.159], [-115.359, 36.159], [-115.359, 36.159], [-115.359, 36.159], [-115.359, 36.159], [-115.359, 36.159], [-115.359, 36.159], [-115.36, 36.159], [-115.36, 36.158], [-115.36, 36.158], [-115.36, 36.158], [-115.36, 36.158], [-115.36, 36.158], [-115.361, 36.158], [-115.361, 36.158], [-115.361, 36.158], [-115.361, 36.158], [-115.363, 36.157], [-115.362, 36.157], [-115.37, 36.156], [-115.387, 36.159], [-115.406, 36.167], [-115.407, 36.175]]], [[[-115.306, 36.299], [-115.303, 36.307], [-115.294, 36.307], [-115.279, 36.306], [-115.269, 36.306], [-115.261, 36.305], [-115.26, 36.305], [-115.257, 36.305], [-115.256, 36.301], [-115.251, 36.301], [-115.243, 36.298], [-115.242, 36.299], [-115.242, 36.296], [-115.242, 36.292], [-115.247, 36.291], [-115.247, 36.288], [-115.247, 36.287], [-115.247, 36.285], [-115.248, 36.285], [-115.25, 36.285], [-115.251, 36.285], [-115.256, 36.285], [-115.256, 36.284], [-115.261, 36.281], [-115.261, 36.28], [-115.26, 36.28], [-115.26, 36.279], [-115.258, 36.281], [-115.256, 36.279], [-115.254, 36.28], [-115.251, 36.28], [-115.251, 36.28], [-115.251, 36.279], [-115.251, 36.279], [-115.25, 36.278], [-115.251, 36.278], [-115.251, 36.277], [-115.251, 36.277], [-115.254, 36.277], [-115.252, 36.275], [-115.251, 36.275], [-115.251, 36.274], [-115.251, 36.275], [-115.247, 36.275], [-115.245, 36.274], [-115.244, 36.274], [-115.242, 36.275], [-115.242, 36.27], [-115.242, 36.27], [-115.242, 36.267], [-115.244, 36.266], [-115.243, 36.266], [-115.243, 36.265], [-115.245, 36.265], [-115.245, 36.264], [-115.245, 36.263], [-115.242, 36.263], [-115.242, 36.256], [-115.242, 36.252], [-115.242, 36.251], [-115.242, 36.251], [-115.243, 36.251], [-115.24, 36.248], [-115.244, 36.248], [-115.251, 36.248], [-115.258, 36.255], [-115.265, 36.252], [-115.266, 36.251], [-115.265, 36.249], [-115.266, 36.248], [-115.267, 36.252], [-115.27, 36.248], [-115.273, 36.25], [-115.274, 36.251], [-115.273, 36.252], [-115.279, 36.257], [-115.28, 36.257], [-115.28, 36.258], [-115.279, 36.26], [-115.279, 36.263], [-115.28, 36.263], [-115.28, 36.264], [-115.28, 36.265], [-115.279, 36.265], [-115.274, 36.267], [-115.27, 36.27], [-115.276, 36.27], [-115.28, 36.27], [-115.281, 36.272], [-115.283, 36.272], [-115.286, 36.272], [-115.288, 36.272], [-115.287, 36.274], [-115.287, 36.274], [-115.287, 36.275], [-115.287, 36.275], [-115.288, 36.276], [-115.288, 36.276], [-115.288, 36.277], [-115.289, 36.277], [-115.289, 36.278], [-115.289, 36.279], [-115.288, 36.281], [-115.29, 36.281], [-115.292, 36.281], [-115.297, 36.281], [-115.297, 36.277], [-115.298, 36.278], [-115.299, 36.279], [-115.3, 36.28], [-115.3, 36.281], [-115.301, 36.281], [-115.304, 36.281], [-115.306, 36.281], [-115.306, 36.285], [-115.306, 36.286], [-115.306, 36.29], [-115.306, 36.294], [-115.306, 36.297], [-115.306, 36.299]]], [[[-115.334, 36.232], [-115.334, 36.234], [-115.334, 36.236], [-115.334, 36.24], [-115.334, 36.244], [-115.333, 36.248], [-115.333, 36.252], [-115.331, 36.252], [-115.329, 36.252], [-115.329, 36.253], [-115.326, 36.253], [-115.324, 36.253], [-115.324, 36.252], [-115.322, 36.252], [-115.32, 36.252], [-115.32, 36.253], [-115.317, 36.253], [-115.315, 36.253], [-115.315, 36.252], [-115.315, 36.248], [-115.315, 36.244], [-115.315, 36.239], [-115.315, 36.235], [-115.313, 36.233], [-115.311, 36.233], [-115.308, 36.235], [-115.306, 36.237], [-115.302, 36.236], [-115.301, 36.234], [-115.299, 36.234], [-115.298, 36.235], [-115.298, 36.236], [-115.296, 36.237], [-115.295, 36.236], [-115.295, 36.237], [-115.294, 36.237], [-115.293, 36.238], [-115.292, 36.237], [-115.291, 36.237], [-115.291, 36.237], [-115.291, 36.236], [-115.29, 36.236], [-115.29, 36.236], [-115.288, 36.236], [-115.288, 36.236], [-115.287, 36.236], [-115.286, 36.236], [-115.285, 36.237], [-115.285, 36.236], [-115.286, 36.236], [-115.287, 36.235], [-115.288, 36.234], [-115.287, 36.234], [-115.286, 36.234], [-115.285, 36.234], [-115.284, 36.234], [-115.279, 36.234], [-115.277, 36.234], [-115.277, 36.234], [-115.276, 36.234], [-115.276, 36.235], [-115.275, 36.235], [-115.272, 36.235], [-115.272, 36.235], [-115.271, 36.235], [-115.27, 36.235], [-115.27, 36.237], [-115.267, 36.237], [-115.265, 36.237], [-115.263, 36.237], [-115.263, 36.24], [-115.263, 36.241], [-115.261, 36.241], [-115.26, 36.242], [-115.26, 36.244], [-115.26, 36.245], [-115.262, 36.245], [-115.263, 36.245], [-115.263, 36.248], [-115.262, 36.248], [-115.26, 36.248], [-115.254, 36.248], [-115.247, 36.248], [-115.247, 36.242], [-115.247, 36.234], [-115.247, 36.218], [-115.257, 36.218], [-115.271, 36.218], [-115.286, 36.219], [-115.307, 36.218], [-115.319, 36.218], [-115.334, 36.218], [-115.334, 36.22], [-115.334, 36.224], [-115.334, 36.227], [-115.334, 36.231], [-115.334, 36.232]]], [[[-115.317, 36.333], [-115.316, 36.334], [-115.315, 36.333], [-115.306, 36.336], [-115.288, 36.336], [-115.283, 36.332], [-115.279, 36.336], [-115.265, 36.336], [-115.256, 36.336], [-115.243, 36.336], [-115.243, 36.328], [-115.242, 36.313], [-115.242, 36.309], [-115.242, 36.304], [-115.242, 36.302], [-115.242, 36.302], [-115.246, 36.305], [-115.251, 36.305], [-115.258, 36.309], [-115.26, 36.309], [-115.26, 36.311], [-115.261, 36.312], [-115.261, 36.313], [-115.263, 36.313], [-115.263, 36.314], [-115.261, 36.314], [-115.26, 36.316], [-115.263, 36.321], [-115.263, 36.319], [-115.265, 36.317], [-115.265, 36.313], [-115.265, 36.309], [-115.263, 36.309], [-115.263, 36.31], [-115.262, 36.309], [-115.26, 36.309], [-115.26, 36.308], [-115.261, 36.305], [-115.269, 36.306], [-115.279, 36.306], [-115.291, 36.307], [-115.315, 36.33], [-115.316, 36.332], [-115.317, 36.333]]], [[[-115.242, 36.244], [-115.243, 36.247], [-115.244, 36.247], [-115.242, 36.248], [-115.243, 36.251], [-115.243, 36.251], [-115.242, 36.251], [-115.242, 36.251], [-115.242, 36.251], [-115.242, 36.256], [-115.242, 36.263], [-115.239, 36.263], [-115.239, 36.264], [-115.239, 36.265], [-115.238, 36.265], [-115.238, 36.265], [-115.238, 36.266], [-115.239, 36.266], [-115.239, 36.266], [-115.24, 36.266], [-115.241, 36.267], [-115.241, 36.267], [-115.242, 36.267], [-115.242, 36.267], [-115.242, 36.27], [-115.242, 36.27], [-115.242, 36.27], [-115.24, 36.27], [-115.24, 36.272], [-115.242, 36.273], [-115.242, 36.276], [-115.238, 36.275], [-115.238, 36.274], [-115.234, 36.274], [-115.225, 36.276], [-115.225, 36.276], [-115.218, 36.275], [-115.21, 36.275], [-115.207, 36.274], [-115.207, 36.269], [-115.207, 36.261], [-115.207, 36.257], [-115.207, 36.254], [-115.207, 36.252], [-115.207, 36.251], [-115.207, 36.247], [-115.208, 36.245], [-115.208, 36.243], [-115.208, 36.241], [-115.208, 36.239], [-115.208, 36.239], [-115.208, 36.237], [-115.208, 36.236], [-115.208, 36.235], [-115.208, 36.235], [-115.207, 36.235], [-115.207, 36.234], [-115.207, 36.234], [-115.207, 36.232], [-115.207, 36.228], [-115.207, 36.227], [-115.207, 36.225], [-115.207, 36.223], [-115.207, 36.222], [-115.207, 36.219], [-115.207, 36.217], [-115.212, 36.217], [-115.214, 36.217], [-115.218, 36.217], [-115.221, 36.217], [-115.224, 36.217], [-115.225, 36.217], [-115.228, 36.217], [-115.228, 36.219], [-115.228, 36.219], [-115.227, 36.219], [-115.227, 36.219], [-115.226, 36.219], [-115.227, 36.219], [-115.226, 36.22], [-115.226, 36.221], [-115.226, 36.221], [-115.226, 36.221], [-115.226, 36.222], [-115.226, 36.224], [-115.223, 36.226], [-115.224, 36.227], [-115.223, 36.227], [-115.223, 36.228], [-115.224, 36.228], [-115.224, 36.229], [-115.225, 36.228], [-115.226, 36.228], [-115.226, 36.227], [-115.226, 36.227], [-115.227, 36.227], [-115.228, 36.227], [-115.228, 36.227], [-115.228, 36.227], [-115.229, 36.227], [-115.229, 36.227], [-115.23, 36.227], [-115.23, 36.226], [-115.23, 36.225], [-115.232, 36.225], [-115.233, 36.225], [-115.234, 36.224], [-115.234, 36.223], [-115.234, 36.222], [-115.236, 36.221], [-115.239, 36.222], [-115.24, 36.221], [-115.24, 36.221], [-115.241, 36.221], [-115.241, 36.221], [-115.241, 36.221], [-115.241, 36.22], [-115.242, 36.22], [-115.242, 36.22], [-115.242, 36.219], [-115.241, 36.219], [-115.24, 36.219], [-115.239, 36.218], [-115.239, 36.219], [-115.239, 36.218], [-115.238, 36.218], [-115.237, 36.218], [-115.242, 36.218], [-115.247, 36.218], [-115.247, 36.234], [-115.247, 36.24], [-115.242, 36.242], [-115.245, 36.243], [-115.242, 36.244]]], [[[-115.243, 36.336], [-115.225, 36.336], [-115.207, 36.335], [-115.207, 36.324], [-115.207, 36.317], [-115.207, 36.312], [-115.207, 36.306], [-115.207, 36.299], [-115.207, 36.292], [-115.207, 36.289], [-115.207, 36.284], [-115.207, 36.278], [-115.207, 36.274], [-115.21, 36.275], [-115.218, 36.275], [-115.225, 36.276], [-115.225, 36.279], [-115.229, 36.279], [-115.229, 36.281], [-115.227, 36.283], [-115.228, 36.286], [-115.228, 36.287], [-115.224, 36.287], [-115.227, 36.291], [-115.229, 36.291], [-115.229, 36.298], [-115.229, 36.3], [-115.229, 36.3], [-115.23, 36.301], [-115.23, 36.301], [-115.229, 36.303], [-115.229, 36.309], [-115.231, 36.307], [-115.232, 36.307], [-115.232, 36.308], [-115.232, 36.309], [-115.234, 36.31], [-115.233, 36.313], [-115.227, 36.313], [-115.224, 36.315], [-115.225, 36.316], [-115.227, 36.318], [-115.234, 36.321], [-115.234, 36.319], [-115.233, 36.317], [-115.233, 36.313], [-115.238, 36.313], [-115.242, 36.313], [-115.243, 36.328], [-115.243, 36.336]]]]}}, {"type": "Feature", "properties": {"name": "波特兰", "nameEn": "Portland", "country": "美国", "level": "city"}, "geometry": {"type": "MultiPolygon", "coordinates": [[[[-122.796, 45.567], [-122.796, 45.567], [-122.795, 45.568], [-122.794, 45.568], [-122.791, 45.568], [-122.785, 45.561], [-122.781, 45.562], [-122.777, 45.561], [-122.774, 45.56], [-122.77, 45.565], [-122.768, 45.566], [-122.763, 45.569], [-122.763, 45.567], [-122.763, 45.565], [-122.759, 45.566], [-122.756, 45.567], [-122.751, 45.565], [-122.748, 45.563], [-122.739, 45.558], [-122.734, 45.555], [-122.723, 45.546], [-122.723, 45.541], [-122.727, 45.539], [-122.725, 45.538], [-122.721, 45.538], [-122.718, 45.535], [-122.718, 45.532], [-122.717, 45.53], [-122.713, 45.534], [-122.711, 45.535], [-122.711, 45.532], [-122.708, 45.529], [-122.705, 45.526], [-122.704, 45.524], [-122.703, 45.521], [-122.702, 45.52], [-122.7, 45.518], [-122.699, 45.517], [-122.702, 45.513], [-122.708, 45.508], [-122.713, 45.506], [-122.722, 45.508], [-122.722, 45.508], [-122.722, 45.508], [-122.722, 45.508], [-122.722, 45.509], [-122.722, 45.508], [-122.721, 45.509], [-122.721, 45.509], [-122.721, 45.509], [-122.721, 45.508], [-122.721, 45.508], [-122.72, 45.511], [-122.72, 45.513], [-122.721, 45.514], [-122.721, 45.514], [-122.721, 45.513], [-122.721, 45.513], [-122.722, 45.513], [-122.722, 45.514], [-122.722, 45.514], [-122.722, 45.514], [-122.722, 45.514], [-122.721, 45.515], [-122.72, 45.515], [-122.72, 45.515], [-122.72, 45.515], [-122.723, 45.516], [-122.722, 45.516], [-122.722, 45.515], [-122.722, 45.514], [-122.723, 45.514], [-122.724, 45.513], [-122.724, 45.513], [-122.725, 45.513], [-122.723, 45.515], [-122.723, 45.515], [-122.723, 45.516], [-122.723, 45.515], [-122.724, 45.515], [-122.725, 45.514], [-122.725, 45.514], [-122.725, 45.514], [-122.726, 45.513], [-122.725, 45.512], [-122.724, 45.512], [-122.723, 45.513], [-122.722, 45.513], [-122.721, 45.513], [-122.721, 45.512], [-122.721, 45.512], [-122.723, 45.512], [-122.722, 45.512], [-122.723, 45.511], [-122.724, 45.511], [-122.724, 45.51], [-122.722, 45.511], [-122.721, 45.512], [-122.722, 45.511], [-122.722, 45.51], [-122.722, 45.509], [-122.723, 45.509], [-122.723, 45.508], [-122.724, 45.508], [-122.725, 45.509], [-122.727, 45.509], [-122.729, 45.509], [-122.73, 45.507], [-122.73, 45.507], [-122.729, 45.506], [-122.73, 45.506], [-122.73, 45.506], [-122.73, 45.506], [-122.731, 45.506], [-122.731, 45.506], [-122.731, 45.506], [-122.731, 45.505], [-122.733, 45.505], [-122.733, 45.506], [-122.733, 45.507], [-122.734, 45.508], [-122.735, 45.508], [-122.735, 45.508], [-122.735, 45.508], [-122.734, 45.508], [-122.734, 45.507], [-122.736, 45.506], [-122.738, 45.507], [-122.739, 45.507], [-122.74, 45.505], [-122.741, 45.505], [-122.742, 45.505], [-122.742, 45.507], [-122.743, 45.507], [-122.743, 45.507], [-122.743, 45.506], [-122.743, 45.507], [-122.744, 45.507], [-122.744, 45.507], [-122.743, 45.508], [-122.743, 45.508], [-122.743, 45.508], [-122.743, 45.508], [-122.744, 45.508], [-122.744, 45.508], [-122.741, 45.51], [-122.742, 45.509], [-122.741, 45.509], [-122.74, 45.509], [-122.74, 45.509], [-122.741, 45.51], [-122.741, 45.51], [-122.741, 45.511], [-122.741, 45.511], [-122.741, 45.511], [-122.741, 45.511], [-122.738, 45.51], [-122.738, 45.511], [-122.739, 45.511], [-122.74, 45.511], [-122.74, 45.511], [-122.741, 45.511], [-122.741, 45.512], [-122.741, 45.513], [-122.741, 45.514], [-122.741, 45.515], [-122.74, 45.515], [-122.74, 45.515], [-122.74, 45.515], [-122.74, 45.515], [-122.74, 45.515], [-122.74, 45.515], [-122.74, 45.516], [-122.741, 45.516], [-122.74, 45.516], [-122.74, 45.516], [-122.74, 45.517], [-122.74, 45.517], [-122.741, 45.517], [-122.742, 45.516], [-122.743, 45.515], [-122.743, 45.516], [-122.743, 45.516], [-122.744, 45.516], [-122.744, 45.516], [-122.745, 45.516], [-122.745, 45.516], [-122.745, 45.516], [-122.746, 45.516], [-122.746, 45.516], [-122.745, 45.516], [-122.744, 45.517], [-122.744, 45.517], [-122.744, 45.521], [-122.744, 45.521], [-122.745, 45.522], [-122.745, 45.522], [-122.745, 45.522], [-122.745, 45.523], [-122.745, 45.523], [-122.746, 45.523], [-122.746, 45.523], [-122.746, 45.524], [-122.747, 45.525], [-122.747, 45.525], [-122.747, 45.525], [-122.746, 45.526], [-122.746, 45.527], [-122.746, 45.527], [-122.745, 45.527], [-122.745, 45.527], [-122.745, 45.526], [-122.745, 45.526], [-122.744, 45.526], [-122.744, 45.527], [-122.741, 45.527], [-122.741, 45.525], [-122.739, 45.523], [-122.733, 45.523], [-122.731, 45.521], [-122.731, 45.521], [-122.73, 45.521], [-122.728, 45.521], [-122.727, 45.523], [-122.726, 45.523], [-122.726, 45.524], [-122.725, 45.525], [-122.724, 45.524], [-122.724, 45.524], [-122.723, 45.526], [-122.726, 45.525], [-122.728, 45.524], [-122.728, 45.527], [-122.73, 45.526], [-122.73, 45.526], [-122.734, 45.525], [-122.732, 45.527], [-122.732, 45.528], [-122.732, 45.528], [-122.733, 45.528], [-122.733, 45.529], [-122.733, 45.529], [-122.733, 45.529], [-122.734, 45.53], [-122.734, 45.53], [-122.735, 45.53], [-122.735, 45.53], [-122.735, 45.53], [-122.734, 45.53], [-122.734, 45.53], [-122.734, 45.53], [-122.733, 45.531], [-122.733, 45.531], [-122.733, 45.53], [-122.733, 45.53], [-122.732, 45.53], [-122.732, 45.53], [-122.732, 45.53], [-122.732, 45.53], [-122.731, 45.53], [-122.727, 45.53], [-122.725, 45.53], [-122.725, 45.531], [-122.724, 45.53], [-122.724, 45.53], [-122.723, 45.531], [-122.723, 45.532], [-122.724, 45.533], [-122.726, 45.533], [-122.732, 45.534], [-122.733, 45.533], [-122.735, 45.533], [-122.734, 45.532], [-122.737, 45.532], [-122.739, 45.534], [-122.74, 45.534], [-122.737, 45.535], [-122.741, 45.536], [-122.74, 45.536], [-122.736, 45.537], [-122.739, 45.537], [-122.739, 45.538], [-122.737, 45.538], [-122.739, 45.538], [-122.74, 45.539], [-122.741, 45.539], [-122.743, 45.541], [-122.743, 45.541], [-122.744, 45.541], [-122.744, 45.541], [-122.744, 45.544], [-122.745, 45.548], [-122.752, 45.545], [-122.753, 45.545], [-122.754, 45.544], [-122.754, 45.544], [-122.754, 45.545], [-122.754, 45.545], [-122.754, 45.548], [-122.763, 45.551], [-122.768, 45.55], [-122.77, 45.55], [-122.77, 45.549], [-122.77, 45.549], [-122.768, 45.548], [-122.766, 45.547], [-122.766, 45.547], [-122.766, 45.547], [-122.765, 45.547], [-122.765, 45.547], [-122.765, 45.547], [-122.764, 45.547], [-122.763, 45.547], [-122.763, 45.547], [-122.762, 45.547], [-122.761, 45.545], [-122.761, 45.545], [-122.761, 45.544], [-122.76, 45.543], [-122.756, 45.543], [-122.756, 45.542], [-122.756, 45.541], [-122.754, 45.537], [-122.757, 45.538], [-122.758, 45.538], [-122.757, 45.538], [-122.756, 45.539], [-122.757, 45.539], [-122.758, 45.539], [-122.759, 45.54], [-122.759, 45.539], [-122.759, 45.538], [-122.759, 45.538], [-122.759, 45.538], [-122.76, 45.538], [-122.759, 45.537], [-122.759, 45.537], [-122.759, 45.537], [-122.758, 45.537], [-122.758, 45.536], [-122.757, 45.536], [-122.757, 45.535], [-122.757, 45.535], [-122.757, 45.535], [-122.756, 45.534], [-122.754, 45.534], [-122.753, 45.535], [-122.753, 45.537], [-122.75, 45.537], [-122.75, 45.536], [-122.75, 45.534], [-122.749, 45.533], [-122.75, 45.53], [-122.751, 45.531], [-122.753, 45.531], [-122.754, 45.531], [-122.756, 45.53], [-122.757, 45.529], [-122.759, 45.53], [-122.762, 45.53], [-122.763, 45.53], [-122.762, 45.529], [-122.762, 45.529], [-122.762, 45.529], [-122.763, 45.528], [-122.764, 45.528], [-122.765, 45.528], [-122.766, 45.529], [-122.765, 45.529], [-122.765, 45.53], [-122.764, 45.529], [-122.764, 45.53], [-122.764, 45.531], [-122.765, 45.531], [-122.766, 45.531], [-122.766, 45.533], [-122.767, 45.534], [-122.773, 45.534], [-122.775, 45.534], [-122.775, 45.531], [-122.775, 45.53], [-122.781, 45.53], [-122.781, 45.532], [-122.784, 45.534], [-122.785, 45.534], [-122.785, 45.541], [-122.783, 45.542], [-122.783, 45.544], [-122.784, 45.544], [-122.783, 45.544], [-122.783, 45.544], [-122.782, 45.544], [-122.781, 45.543], [-122.781, 45.542], [-122.781, 45.542], [-122.78, 45.543], [-122.78, 45.545], [-122.777, 45.545], [-122.779, 45.548], [-122.779, 45.548], [-122.781, 45.548], [-122.782, 45.549], [-122.783, 45.548], [-122.785, 45.548], [-122.785, 45.548], [-122.784, 45.549], [-122.785, 45.55], [-122.785, 45.553], [-122.791, 45.556], [-122.793, 45.563], [-122.796, 45.567]]], [[[-122.765, 45.58], [-122.764, 45.581], [-122.763, 45.582], [-122.761, 45.583], [-122.752, 45.58], [-122.737, 45.571], [-122.727, 45.563], [-122.713, 45.556], [-122.71, 45.554], [-122.698, 45.55], [-122.684, 45.539], [-122.683, 45.538], [-122.683, 45.538], [-122.686, 45.535], [-122.687, 45.534], [-122.686, 45.526], [-122.686, 45.523], [-122.685, 45.522], [-122.687, 45.518], [-122.688, 45.516], [-122.689, 45.514], [-122.689, 45.514], [-122.689, 45.514], [-122.691, 45.515], [-122.692, 45.515], [-122.696, 45.516], [-122.697, 45.516], [-122.7, 45.516], [-122.699, 45.517], [-122.7, 45.517], [-122.7, 45.518], [-122.7, 45.519], [-122.702, 45.52], [-122.701, 45.521], [-122.703, 45.521], [-122.704, 45.521], [-122.704, 45.524], [-122.704, 45.525], [-122.705, 45.526], [-122.708, 45.526], [-122.708, 45.529], [-122.709, 45.53], [-122.711, 45.532], [-122.71, 45.532], [-122.711, 45.535], [-122.713, 45.535], [-122.713, 45.534], [-122.715, 45.532], [-122.717, 45.53], [-122.719, 45.53], [-122.718, 45.532], [-122.718, 45.534], [-122.718, 45.535], [-122.719, 45.536], [-122.721, 45.538], [-122.723, 45.539], [-122.725, 45.538], [-122.727, 45.538], [-122.727, 45.539], [-122.725, 45.54], [-122.723, 45.541], [-122.719, 45.541], [-122.723, 45.546], [-122.726, 45.548], [-122.734, 45.555], [-122.736, 45.556], [-122.739, 45.558], [-122.747, 45.564], [-122.749, 45.565], [-122.751, 45.567], [-122.754, 45.569], [-122.762, 45.578], [-122.765, 45.58]]], [[[-122.792, 45.618], [-122.791, 45.62], [-122.791, 45.62], [-122.79, 45.633], [-122.785, 45.632], [-122.785, 45.635], [-122.79, 45.635], [-122.786, 45.637], [-122.782, 45.639], [-122.769, 45.648], [-122.764, 45.654], [-122.764, 45.654], [-122.763, 45.654], [-122.753, 45.647], [-122.754, 45.646], [-122.748, 45.642], [-122.744, 45.639], [-122.736, 45.633], [-122.736, 45.633], [-122.734, 45.632], [-122.73, 45.628], [-122.723, 45.626], [-122.718, 45.622], [-122.716, 45.621], [-122.707, 45.617], [-122.705, 45.617], [-122.702, 45.615], [-122.704, 45.614], [-122.705, 45.613], [-122.724, 45.596], [-122.726, 45.595], [-122.727, 45.595], [-122.727, 45.593], [-122.729, 45.592], [-122.749, 45.596], [-122.75, 45.596], [-122.756, 45.603], [-122.758, 45.603], [-122.777, 45.597], [-122.788, 45.611], [-122.792, 45.618], [-122.792, 45.618]]], [[[-122.837, 45.608], [-122.836, 45.61], [-122.834, 45.61], [-122.834, 45.608], [-122.833, 45.607], [-122.829, 45.607], [-122.826, 45.605], [-122.826, 45.603], [-122.816, 45.603], [-122.816, 45.607], [-122.815, 45.608], [-122.815, 45.614], [-122.811, 45.613], [-122.81, 45.615], [-122.808, 45.618], [-122.807, 45.618], [-122.806, 45.617], [-122.807, 45.617], [-122.807, 45.617], [-122.806, 45.617], [-122.806, 45.617], [-122.807, 45.617], [-122.806, 45.617], [-122.806, 45.617], [-122.806, 45.617], [-122.805, 45.617], [-122.805, 45.617], [-122.805, 45.616], [-122.805, 45.616], [-122.806, 45.615], [-122.806, 45.615], [-122.806, 45.614], [-122.805, 45.614], [-122.805, 45.614], [-122.805, 45.615], [-122.805, 45.615], [-122.805, 45.615], [-122.805, 45.615], [-122.804, 45.615], [-122.803, 45.615], [-122.803, 45.615], [-122.804, 45.616], [-122.804, 45.616], [-122.804, 45.615], [-122.804, 45.615], [-122.805, 45.615], [-122.805, 45.616], [-122.804, 45.616], [-122.804, 45.616], [-122.803, 45.615], [-122.803, 45.615], [-122.803, 45.616], [-122.801, 45.619], [-122.801, 45.62], [-122.796, 45.619], [-122.792, 45.618], [-122.792, 45.618], [-122.775, 45.595], [-122.763, 45.583], [-122.763, 45.582], [-122.765, 45.58], [-122.754, 45.569], [-122.749, 45.565], [-122.748, 45.563], [-122.751, 45.565], [-122.756, 45.567], [-122.759, 45.566], [-122.763, 45.565], [-122.763, 45.567], [-122.763, 45.569], [-122.768, 45.566], [-122.77, 45.565], [-122.774, 45.56], [-122.777, 45.561], [-122.781, 45.562], [-122.785, 45.561], [-122.791, 45.568], [-122.792, 45.569], [-122.792, 45.57], [-122.791, 45.571], [-122.792, 45.572], [-122.794, 45.572], [-122.796, 45.573], [-122.795, 45.577], [-122.796, 45.577], [-122.797, 45.578], [-122.797, 45.578], [-122.798, 45.578], [-122.799, 45.578], [-122.801, 45.578], [-122.801, 45.579], [-122.8, 45.581], [-122.801, 45.582], [-122.802, 45.583], [-122.804, 45.583], [-122.805, 45.586], [-122.806, 45.586], [-122.808, 45.586], [-122.809, 45.587], [-122.809, 45.587], [-122.808, 45.588], [-122.808, 45.588], [-122.809, 45.588], [-122.809, 45.588], [-122.809, 45.588], [-122.809, 45.589], [-122.81, 45.589], [-122.812, 45.589], [-122.816, 45.589], [-122.818, 45.59], [-122.82, 45.592], [-122.836, 45.592], [-122.837, 45.596], [-122.836, 45.604], [-122.836, 45.607], [-122.837, 45.608]]], [[[-122.744, 45.438], [-122.741, 45.443], [-122.734, 45.446], [-122.73, 45.448], [-122.728, 45.452], [-122.721, 45.454], [-122.716, 45.454], [-122.7, 45.463], [-122.693, 45.466], [-122.689, 45.469], [-122.685, 45.47], [-122.683, 45.466], [-122.684, 45.463], [-122.68, 45.463], [-122.672, 45.466], [-122.667, 45.469], [-122.666, 45.464], [-122.659, 45.453], [-122.66, 45.453], [-122.662, 45.455], [-122.664, 45.454], [-122.665, 45.453], [-122.665, 45.453], [-122.665, 45.453], [-122.665, 45.453], [-122.666, 45.453], [-122.666, 45.453], [-122.666, 45.453], [-122.666, 45.452], [-122.666, 45.452], [-122.666, 45.452], [-122.665, 45.451], [-122.666, 45.451], [-122.665, 45.45], [-122.665, 45.449], [-122.666, 45.449], [-122.666, 45.449], [-122.666, 45.449], [-122.668, 45.449], [-122.668, 45.447], [-122.668, 45.447], [-122.669, 45.447], [-122.668, 45.447], [-122.667, 45.446], [-122.668, 45.445], [-122.668, 45.445], [-122.669, 45.444], [-122.669, 45.445], [-122.67, 45.444], [-122.673, 45.444], [-122.673, 45.442], [-122.673, 45.44], [-122.673, 45.44], [-122.672, 45.441], [-122.671, 45.441], [-122.671, 45.442], [-122.67, 45.441], [-122.67, 45.442], [-122.67, 45.441], [-122.669, 45.441], [-122.669, 45.441], [-122.67, 45.441], [-122.67, 45.44], [-122.669, 45.44], [-122.669, 45.439], [-122.668, 45.437], [-122.671, 45.437], [-122.669, 45.435], [-122.669, 45.433], [-122.666, 45.433], [-122.668, 45.433], [-122.674, 45.433], [-122.676, 45.433], [-122.676, 45.435], [-122.682, 45.434], [-122.684, 45.435], [-122.687, 45.437], [-122.687, 45.436], [-122.697, 45.436], [-122.697, 45.436], [-122.697, 45.434], [-122.697, 45.433], [-122.697, 45.432], [-122.697, 45.432], [-122.699, 45.432], [-122.699, 45.433], [-122.7, 45.433], [-122.702, 45.433], [-122.702, 45.433], [-122.701, 45.434], [-122.705, 45.435], [-122.707, 45.435], [-122.707, 45.437], [-122.707, 45.437], [-122.707, 45.438], [-122.706, 45.439], [-122.707, 45.44], [-122.707, 45.44], [-122.709, 45.44], [-122.71, 45.44], [-122.71, 45.437], [-122.71, 45.437], [-122.71, 45.435], [-122.711, 45.434], [-122.711, 45.435], [-122.713, 45.435], [-122.713, 45.44], [-122.713, 45.44], [-122.715, 45.44], [-122.715, 45.438], [-122.717, 45.44], [-122.723, 45.44], [-122.723, 45.44], [-122.724, 45.44], [-122.725, 45.44], [-122.727, 45.44], [-122.727, 45.439], [-122.727, 45.438], [-122.727, 45.437], [-122.726, 45.437], [-122.726, 45.437], [-122.728, 45.434], [-122.731, 45.434], [-122.733, 45.433], [-122.734, 45.433], [-122.735, 45.433], [-122.738, 45.433], [-122.739, 45.433], [-122.741, 45.433], [-122.744, 45.433], [-122.744, 45.433], [-122.744, 45.435], [-122.744, 45.438]]], [[[-122.635, 45.594], [-122.631, 45.6], [-122.629, 45.602], [-122.626, 45.602], [-122.603, 45.601], [-122.581, 45.594], [-122.548, 45.574], [-122.547, 45.574], [-122.556, 45.567], [-122.56, 45.567], [-122.562, 45.568], [-122.563, 45.568], [-122.564, 45.568], [-122.57, 45.569], [-122.577, 45.57], [-122.581, 45.571], [-122.585, 45.572], [-122.59, 45.575], [-122.597, 45.575], [-122.6, 45.575], [-122.603, 45.576], [-122.606, 45.577], [-122.608, 45.577], [-122.612, 45.577], [-122.614, 45.577], [-122.614, 45.575], [-122.614, 45.571], [-122.63, 45.574], [-122.632, 45.574], [-122.633, 45.581], [-122.632, 45.584], [-122.632, 45.589], [-122.635, 45.594]]]]}}, {"type": "Feature", "properties": {"name": "伯克利", "nameEn": "Berkeley", "country": "美国", "level": "city"}, "geometry": {"type": "MultiPolygon", "coordinates": [[[[-122.159, 37.871], [-122.161, 37.889], [-122.168, 37.906], [-122.178, 37.922], [-122.192, 37.935], [-122.21, 37.946], [-122.229, 37.955], [-122.251, 37.96], [-122.273, 37.962], [-122.295, 37.96], [-122.317, 37.955], [-122.336, 37.946], [-122.354, 37.935], [-122.368, 37.922], [-122.378, 37.906], [-122.385, 37.889], [-122.387, 37.871], [-122.385, 37.854], [-122.378, 37.837], [-122.368, 37.821], [-122.354, 37.808], [-122.336, 37.797], [-122.317, 37.788], [-122.295, 37.783], [-122.273, 37.781], [-122.251, 37.783], [-122.229, 37.788], [-122.21, 37.797], [-122.192, 37.808], [-122.178, 37.821], [-122.168, 37.837], [-122.161, 37.854], [-122.159, 37.871]]]]}}]}